{"stats":{"minecraft:custom":{"minecraft:mob_kills":34,"minecraft:interact_with_crafting_table":14,"minecraft:open_barrel":23,"minecraft:leave_game":1,"minecraft:time_since_death":8541,"minecraft:climb_one_cm":50134,"minecraft:sprint_one_cm":448814,"minecraft:walk_one_cm":258230,"minecraft:drop":62,"minecraft:play_time":128253,"minecraft:deaths":32,"minecraft:sneak_time":7710,"minecraft:walk_under_water_one_cm":267,"minecraft:jump":3712,"minecraft:walk_on_water_one_cm":8605,"minecraft:total_world_time":128253,"minecraft:interact_with_furnace":5,"minecraft:sleep_in_bed":1,"minecraft:time_since_rest":8379,"minecraft:damage_taken":12002,"tombstone:sneak_grave":2,"minecraft:damage_dealt":8814,"tombstone:cast_on_ally":0,"minecraft:swim_one_cm":944,"minecraft:player_kills":2,"minecraft:fly_one_cm":711121,"minecraft:open_chest":34,"minecraft:crouch_one_cm":23684,"tombstone:undead_killed":19,"minecraft:fall_one_cm":142526},"minecraft:used":{"minecraft:beetroot":4,"quark:birch_chest":3,"minecraft:spruce_slab":1,"minecraft:spruce_planks":10,"tombstone:scroll_of_purification":1,"minecraft:iron_chestplate":1,"minecraft:torch":33,"minecraft:chainmail_chestplate":1,"minecraft:tuff":4,"minecraft:dark_oak_planks":192,"minecraft:lava_bucket":6,"minecraft:crimson_planks":28,"naturalist:duck":1,"minecraft:golden_carrot":1,"minecraft:bow":4,"tombstone:gift":5,"minecraft:cobbled_deepslate":77,"minecraft:acacia_planks":60,"minecraft:dark_oak_sapling":1,"minecraft:water_bucket":2,"minecraft:damaged_anvil":1,"minecraft:amethyst_block":8,"minecraft:birch_planks":5,"minecraft:stone_pickaxe":70,"minecraft:polished_andesite":16,"minecraft:oak_planks":24,"minecraft:wooden_pickaxe":6,"minecraft:diamond_axe":243,"minecraft:rail":1,"minecraft:terracotta":33,"minecraft:crafting_table":5,"minecraft:red_bed":1,"minecraft:purple_terracotta":2,"minecraft:oak_log":1,"tombstone:bag_of_seeds":1,"minecraft:diamond_pickaxe":246,"minecraft:bread":29,"supplementaries:iron_gate":2,"tombstone:magic_scroll":1,"minecraft:red_terracotta":17,"minecraft:polished_granite":2,"tombstone:grave_key":3,"minecraft:gravel":4,"minecraft:smithing_table":1,"minecraft:dark_oak_fence":3,"minecraft:bucket":9,"alexsmobs:animal_dictionary":1},"minecraft:mined":{"minecraft:dark_oak_planks":9,"minecraft:tuff":12,"minecraft:spruce_planks":14,"minecraft:dark_oak_leaves":13,"minecraft:deepslate_diamond_ore":4,"minecraft:dark_oak_log":49,"minecraft:obsidian":1,"minecraft:dark_oak_fence":4,"minecraft:granite":11,"minecraft:stripped_crimson_hyphae":8,"minecraft:purple_terracotta":2,"iceandfire:deepslate_silver_ore":1,"minecraft:spruce_leaves":11,"minecraft:spawner":6,"minecraft:deepslate_lapis_ore":1,"minecraft:granite_slab":29,"minecraft:vine":3,"minecraft:stone":7,"minecraft:spruce_slab":1,"minecraft:smithing_table":1,"minecraft:red_bed":1,"minecraft:amethyst_cluster":3,"minecraft:polished_granite":3,"minecraft:crafting_table":1,"born_in_chaos_v1:infected_deepslate_diamond_ore":2,"minecraft:andesite_slab":8,"minecraft:damaged_anvil":1,"minecraft:bricks":4,"minecraft:wall_torch":1,"minecraft:amethyst_block":8,"supplementaries:urn":27,"minecraft:spruce_stairs":2,"minecraft:birch_planks":21,"minecraft:red_terracotta":21,"minecraft:dark_oak_slab":1,"minecraft:birch_log":10,"minecraft:birch_leaves":19,"minecraft:grass":1,"quark:birch_chest":1,"minecraft:oak_log":1,"minecraft:coal_ore":2,"minecraft:gravel":6,"minecraft:terracotta":52,"minecraft:polished_andesite":33,"minecraft:stripped_acacia_wood":16,"minecraft:mossy_stone_bricks":1,"minecraft:oak_leaves":1,"minecraft:deepslate":87},"minecraft:crafted":{"minecraft:oak_planks":28,"quark:birch_chest":2,"minecraft:iron_nugget":9,"minecraft:stone_pickaxe":2,"minecraft:dark_oak_planks":196,"minecraft:crimson_planks":28,"minecraft:diamond_axe":1,"minecraft:crafting_table":4,"minecraft:wooden_pickaxe":2,"minecraft:bucket":1,"minecraft:birch_planks":56,"supplementaries:iron_gate":2,"minecraft:shield":2,"minecraft:diamond_pickaxe":1,"minecraft:stick":16,"minecraft:acacia_planks":60,"minecraft:torch":12},"minecraft:killed_by":{"luminousworld:dark_oak_skeleton":2,"minecraft:creeper":3,"born_in_chaos_v1:zombie_bruiser":1,"undead_revamp2:thespitter":1,"minecraft:skeleton":11,"minecraft:zombie":1,"undead_revamp2:thepregnant":1,"iceandfire:troll":1,"enemyexpansion:invisicreeper":3,"undead_revamp2:thegliter":1},"minecraft:picked_up":{"born_in_chaos_v1:diamond_termite_shard":2,"minecraft:crafting_table":1,"minecraft:iron_chestplate":1,"minecraft:smithing_table":1,"minecraft:enchanted_book":1,"minecraft:amethyst_block":16,"minecraft:string":20,"minecraft:red_bed":1,"minecraft:cobbled_deepslate":89,"minecraft:spruce_planks":15,"minecraft:spruce_slab":1,"minecraft:birch_sapling":3,"minecraft:dark_oak_sapling":2,"minecraft:stripped_crimson_hyphae":8,"minecraft:stick":1,"minecraft:raw_iron":3,"naturalist:duck":1,"minecraft:torch":21,"minecraft:spruce_stairs":2,"quark:birch_chest":1,"tombstone:grave_dust":4,"minecraft:purple_terracotta":2,"minecraft:dark_oak_planks":9,"twilightforest:magic_beans":1,"minecraft:arrow":7,"minecraft:rotten_flesh":4,"supplementaries:antique_ink":1,"minecraft:black_banner":1,"supplementaries:ash":25,"minecraft:obsidian":1,"minecraft:skeleton_skull":1,"minecraft:rail":3,"minecraft:cobblestone":7,"minecraft:birch_log":16,"born_in_chaos_v1:corpse_maggot":2,"minecraft:feather":2,"minecraft:birch_planks":13,"minecraft:tuff":12,"minecraft:oak_log":7,"minecraft:chainmail_chestplate":1,"supplementaries:flax_seeds":7,"minecraft:gunpowder":1,"minecraft:lapis_lazuli":21,"minecraft:polished_granite":2,"minecraft:bone":32,"minecraft:wheat_seeds":1,"minecraft:mossy_stone_bricks":1,"minecraft:stripped_acacia_wood":19,"minecraft:gravel":4,"earthmobsmod:harder_flesh":1,"minecraft:amethyst_shard":12,"minecraft:spruce_sapling":3,"minecraft:granite_slab":48,"minecraft:dark_oak_log":49,"minecraft:red_terracotta":21,"minecraft:polished_andesite":26,"minecraft:pumpkin_seeds":3,"minecraft:diamond":4,"minecraft:chainmail_leggings":1,"minecraft:diamond_axe":1,"minecraft:granite":11,"minecraft:bread":6,"minecraft:emerald":17,"minecraft:terracotta":33,"minecraft:damaged_anvil":1,"minecraft:andesite_slab":10,"minecraft:bricks":3,"minecraft:dark_oak_fence":4,"minecraft:coal":2,"iceandfire:raw_silver":1},"minecraft:dropped":{"minecraft:bread":6,"minecraft:birch_planks":2,"minecraft:wheat_seeds":1,"minecraft:diamond_axe":1,"minecraft:dark_oak_sapling":1,"minecraft:feather":1,"minecraft:cobblestone":8,"minecraft:rail":2,"minecraft:stick":1,"tombstone:grave_key":1,"minecraft:string":2,"minecraft:birch_log":2,"minecraft:spruce_sapling":3,"minecraft:bone":1,"minecraft:bricks":3,"minecraft:iron_nugget":5,"minecraft:tuff":8,"minecraft:birch_sapling":3,"minecraft:beetroot":12,"minecraft:rotten_flesh":4,"minecraft:stripped_acacia_wood":4,"earthmobsmod:harder_flesh":1,"minecraft:red_terracotta":4,"minecraft:pumpkin_seeds":3,"minecraft:chainmail_chestplate":1,"supplementaries:ash":26,"supplementaries:flax_seeds":7,"minecraft:gunpowder":7,"minecraft:spruce_planks":4,"minecraft:mossy_stone_bricks":1,"born_in_chaos_v1:diamond_termite_shard":2,"minecraft:stripped_crimson_hyphae":1,"minecraft:stone_pickaxe":2,"minecraft:wooden_pickaxe":2},"minecraft:broken":{"minecraft:iron_helmet":1},"minecraft:killed":{"born_in_chaos_v1:skeleton_demoman":1,"minecraft:spider":2,"minecraft:slime":1,"minecraft:skeleton":6,"undead_revamp2:sucker":1,"enemyexpansion:goblin":1,"undead_revamp2:thespitter":1,"earthmobsmod:bouldering_zombie":1,"born_in_chaos_v1:diamond_termite":3,"born_in_chaos_v1:baby_skeleton":1,"undead_revamp2:the_moonflower":3,"enemyexpansion:sprinter":1,"born_in_chaos_v1:decrepit_skeleton":2,"minecraft:zombie":2,"born_in_chaos_v1:corpse_fly":4,"enemyexpansion:wasp":1}},"DataVersion":3465}