{"stats":{"minecraft:custom":{"minecraft:interact_with_furnace":4,"minecraft:mob_kills":24,"minecraft:interact_with_crafting_table":4,"minecraft:open_barrel":21,"minecraft:time_since_death":1510,"minecraft:sleep_in_bed":1,"minecraft:climb_one_cm":27074,"minecraft:time_since_rest":1205,"minecraft:sprint_one_cm":281611,"minecraft:damage_taken":7131,"minecraft:walk_one_cm":148549,"minecraft:drop":23,"minecraft:damage_dealt":6256,"tombstone:cast_on_ally":0,"minecraft:swim_one_cm":944,"minecraft:fly_one_cm":278195,"minecraft:open_chest":22,"minecraft:crouch_one_cm":19466,"minecraft:play_time":71337,"tombstone:undead_killed":15,"minecraft:deaths":16,"minecraft:sneak_time":5935,"minecraft:walk_under_water_one_cm":267,"minecraft:jump":1791,"minecraft:walk_on_water_one_cm":6069,"minecraft:total_world_time":71337,"minecraft:fall_one_cm":65198},"minecraft:used":{"minecraft:beetroot":4,"quark:birch_chest":3,"minecraft:spruce_slab":1,"minecraft:polished_andesite":16,"minecraft:spruce_planks":8,"minecraft:diamond_axe":177,"tombstone:scroll_of_purification":1,"minecraft:iron_chestplate":1,"minecraft:rail":1,"minecraft:terracotta":33,"minecraft:crafting_table":3,"minecraft:red_bed":1,"minecraft:chainmail_chestplate":1,"minecraft:purple_terracotta":2,"tombstone:bag_of_seeds":1,"minecraft:dark_oak_planks":192,"minecraft:diamond_pickaxe":180,"minecraft:bread":19,"tombstone:magic_scroll":1,"minecraft:red_terracotta":17,"minecraft:polished_granite":2,"tombstone:grave_key":2,"minecraft:crimson_planks":28,"naturalist:duck":1,"minecraft:golden_carrot":1,"minecraft:dark_oak_fence":3,"tombstone:gift":4,"alexsmobs:animal_dictionary":1,"minecraft:acacia_planks":60,"minecraft:dark_oak_sapling":1},"minecraft:mined":{"minecraft:dark_oak_planks":9,"minecraft:spruce_planks":12,"minecraft:red_bed":1,"minecraft:dark_oak_leaves":13,"minecraft:dark_oak_log":49,"minecraft:polished_granite":3,"minecraft:obsidian":1,"minecraft:crafting_table":1,"minecraft:granite":11,"minecraft:dark_oak_fence":4,"minecraft:purple_terracotta":2,"minecraft:stripped_crimson_hyphae":8,"minecraft:andesite_slab":8,"minecraft:spruce_leaves":4,"minecraft:bricks":4,"minecraft:spawner":5,"minecraft:spruce_stairs":2,"minecraft:red_terracotta":21,"minecraft:dark_oak_slab":1,"minecraft:birch_leaves":19,"minecraft:granite_slab":29,"quark:birch_chest":1,"minecraft:grass":1,"minecraft:coal_ore":2,"minecraft:vine":3,"minecraft:stone":1,"minecraft:terracotta":52,"minecraft:stripped_acacia_wood":16,"minecraft:polished_andesite":33,"minecraft:spruce_slab":1,"minecraft:oak_leaves":1},"minecraft:crafted":{"minecraft:crimson_planks":28,"quark:birch_chest":2,"minecraft:diamond_axe":1,"minecraft:crafting_table":2,"minecraft:birch_planks":16,"minecraft:diamond_pickaxe":1,"minecraft:stick":4,"minecraft:acacia_planks":60,"minecraft:dark_oak_planks":196},"minecraft:killed_by":{"luminousworld:dark_oak_skeleton":2,"minecraft:skeleton":8,"undead_revamp2:thespitter":1},"minecraft:picked_up":{"minecraft:birch_log":4,"born_in_chaos_v1:corpse_maggot":2,"minecraft:iron_chestplate":1,"minecraft:crafting_table":1,"minecraft:feather":2,"minecraft:enchanted_book":1,"minecraft:oak_log":4,"supplementaries:flax_seeds":3,"minecraft:chainmail_chestplate":1,"minecraft:gunpowder":1,"minecraft:lapis_lazuli":13,"minecraft:red_bed":1,"minecraft:string":18,"minecraft:polished_granite":2,"minecraft:bone":5,"minecraft:wheat_seeds":1,"minecraft:spruce_planks":14,"minecraft:spruce_slab":1,"minecraft:birch_sapling":3,"minecraft:stick":1,"minecraft:dark_oak_sapling":2,"minecraft:stripped_crimson_hyphae":8,"naturalist:duck":1,"minecraft:stripped_acacia_wood":19,"minecraft:spruce_stairs":2,"minecraft:spruce_sapling":1,"quark:birch_chest":1,"minecraft:granite_slab":48,"tombstone:grave_dust":4,"minecraft:dark_oak_log":49,"minecraft:red_terracotta":21,"minecraft:purple_terracotta":2,"minecraft:dark_oak_planks":9,"minecraft:polished_andesite":26,"twilightforest:magic_beans":1,"minecraft:pumpkin_seeds":3,"minecraft:arrow":7,"minecraft:rotten_flesh":2,"minecraft:granite":11,"minecraft:coal":2,"minecraft:terracotta":33,"minecraft:obsidian":1,"minecraft:dark_oak_fence":4,"minecraft:bricks":3,"minecraft:andesite_slab":10,"minecraft:rail":2,"minecraft:cobblestone":1},"minecraft:dropped":{"minecraft:bricks":3,"minecraft:wheat_seeds":1,"minecraft:beetroot":12,"minecraft:dark_oak_sapling":1,"minecraft:birch_sapling":3,"minecraft:cobblestone":1,"minecraft:feather":1,"minecraft:rotten_flesh":4,"minecraft:stripped_acacia_wood":4,"minecraft:rail":1,"minecraft:pumpkin_seeds":3,"minecraft:red_terracotta":4,"minecraft:chainmail_chestplate":1,"supplementaries:flax_seeds":3,"minecraft:gunpowder":6,"minecraft:spruce_planks":4,"tombstone:grave_key":1,"minecraft:stripped_crimson_hyphae":1,"minecraft:bone":1},"minecraft:killed":{"born_in_chaos_v1:baby_skeleton":1,"born_in_chaos_v1:skeleton_demoman":1,"undead_revamp2:the_moonflower":3,"minecraft:spider":2,"born_in_chaos_v1:decrepit_skeleton":2,"minecraft:skeleton":6,"minecraft:zombie":1,"born_in_chaos_v1:corpse_fly":4,"enemyexpansion:goblin":1,"undead_revamp2:sucker":1,"enemyexpansion:wasp":1}},"DataVersion":3465}