{"stats":{"minecraft:custom":{"minecraft:jump":181,"minecraft:time_since_rest":5337,"minecraft:damage_dealt":25,"minecraft:crouch_one_cm":1063,"minecraft:sprint_one_cm":25920,"minecraft:play_time":5337,"minecraft:damage_taken":185,"minecraft:time_since_death":5337,"minecraft:walk_one_cm":9763,"minecraft:sneak_time":319,"minecraft:total_world_time":5337,"minecraft:drop":1,"minecraft:fall_one_cm":5374,"minecraft:fly_one_cm":29776},"minecraft:used":{"alexsmobs:animal_dictionary":1,"naturalist:duck":1},"minecraft:picked_up":{"naturalist:duck":1,"minecraft:feather":2},"minecraft:dropped":{"minecraft:feather":1}},"DataVersion":3465}