{"stats":{"minecraft:custom":{"minecraft:open_barrel":14,"minecraft:time_since_rest":391,"minecraft:deaths":5,"minecraft:play_time":17337,"minecraft:crouch_one_cm":1709,"minecraft:sprint_one_cm":106261,"minecraft:damage_taken":1923,"minecraft:walk_one_cm":31295,"minecraft:sneak_time":547,"minecraft:walk_under_water_one_cm":101,"minecraft:drop":2,"minecraft:jump":511,"minecraft:damage_dealt":25,"minecraft:walk_on_water_one_cm":3584,"minecraft:time_since_death":1570,"minecraft:climb_one_cm":16101,"minecraft:total_world_time":17337,"minecraft:swim_one_cm":582,"minecraft:fall_one_cm":17638,"minecraft:fly_one_cm":109090,"minecraft:open_chest":5},"minecraft:used":{"minecraft:dark_oak_planks":3,"naturalist:duck":1,"minecraft:chainmail_chestplate":1,"tombstone:gift":3,"alexsmobs:animal_dictionary":1},"minecraft:mined":{"minecraft:dark_oak_leaves":2,"minecraft:dark_oak_log":1},"minecraft:crafted":{"minecraft:dark_oak_planks":4},"minecraft:killed_by":{"minecraft:skeleton":2,"luminousworld:dark_oak_skeleton":1,"undead_revamp2:thespitter":1},"minecraft:picked_up":{"naturalist:duck":1,"minecraft:feather":2,"minecraft:dark_oak_log":1},"minecraft:dropped":{"minecraft:feather":1,"tombstone:grave_key":1}},"DataVersion":3465}