{"stats":{"minecraft:custom":{"minecraft:mob_kills":29,"minecraft:interact_with_crafting_table":4,"minecraft:open_barrel":21,"minecraft:time_since_death":3051,"minecraft:climb_one_cm":28440,"minecraft:sprint_one_cm":326130,"minecraft:walk_one_cm":178110,"minecraft:drop":29,"minecraft:play_time":83337,"minecraft:deaths":22,"minecraft:sneak_time":6329,"minecraft:walk_under_water_one_cm":267,"minecraft:jump":2264,"minecraft:walk_on_water_one_cm":6069,"minecraft:total_world_time":83337,"minecraft:interact_with_furnace":4,"minecraft:sleep_in_bed":1,"minecraft:time_since_rest":652,"minecraft:damage_taken":8753,"minecraft:damage_dealt":7116,"tombstone:cast_on_ally":0,"minecraft:swim_one_cm":944,"minecraft:fly_one_cm":390957,"minecraft:open_chest":22,"minecraft:crouch_one_cm":20622,"tombstone:undead_killed":17,"minecraft:fall_one_cm":84348},"minecraft:used":{"minecraft:beetroot":4,"quark:birch_chest":3,"minecraft:spruce_slab":1,"minecraft:spruce_planks":9,"tombstone:scroll_of_purification":1,"minecraft:iron_chestplate":1,"minecraft:torch":9,"minecraft:chainmail_chestplate":1,"minecraft:dark_oak_planks":192,"minecraft:crimson_planks":28,"naturalist:duck":1,"minecraft:golden_carrot":1,"minecraft:bow":3,"tombstone:gift":4,"minecraft:cobbled_deepslate":15,"minecraft:acacia_planks":60,"minecraft:dark_oak_sapling":1,"minecraft:polished_andesite":16,"minecraft:oak_planks":24,"minecraft:diamond_axe":201,"minecraft:rail":1,"minecraft:terracotta":33,"minecraft:crafting_table":3,"minecraft:red_bed":1,"minecraft:purple_terracotta":2,"tombstone:bag_of_seeds":1,"minecraft:diamond_pickaxe":221,"minecraft:bread":19,"tombstone:magic_scroll":1,"minecraft:red_terracotta":17,"minecraft:polished_granite":2,"tombstone:grave_key":2,"minecraft:dark_oak_fence":3,"alexsmobs:animal_dictionary":1},"minecraft:mined":{"minecraft:dark_oak_planks":9,"minecraft:tuff":1,"minecraft:spruce_planks":12,"minecraft:dark_oak_leaves":13,"minecraft:dark_oak_log":49,"minecraft:obsidian":1,"minecraft:dark_oak_fence":4,"minecraft:granite":11,"minecraft:stripped_crimson_hyphae":8,"minecraft:purple_terracotta":2,"iceandfire:deepslate_silver_ore":1,"minecraft:spruce_leaves":11,"minecraft:spawner":5,"minecraft:deepslate_lapis_ore":1,"minecraft:granite_slab":29,"minecraft:vine":3,"minecraft:stone":1,"minecraft:spruce_slab":1,"minecraft:red_bed":1,"minecraft:polished_granite":3,"minecraft:crafting_table":1,"born_in_chaos_v1:infected_deepslate_diamond_ore":1,"minecraft:andesite_slab":8,"minecraft:bricks":4,"minecraft:wall_torch":1,"supplementaries:urn":19,"minecraft:spruce_stairs":2,"minecraft:red_terracotta":21,"minecraft:dark_oak_slab":1,"minecraft:birch_leaves":19,"minecraft:grass":1,"quark:birch_chest":1,"minecraft:coal_ore":2,"minecraft:terracotta":52,"minecraft:polished_andesite":33,"minecraft:stripped_acacia_wood":16,"minecraft:oak_leaves":1,"minecraft:deepslate":24},"minecraft:crafted":{"minecraft:oak_planks":24,"quark:birch_chest":2,"minecraft:dark_oak_planks":196,"minecraft:crimson_planks":28,"minecraft:diamond_axe":1,"minecraft:crafting_table":2,"minecraft:birch_planks":16,"minecraft:diamond_pickaxe":1,"minecraft:stick":8,"minecraft:acacia_planks":60,"minecraft:torch":12},"minecraft:killed_by":{"luminousworld:dark_oak_skeleton":2,"minecraft:creeper":1,"undead_revamp2:thespitter":1,"minecraft:skeleton":8,"minecraft:zombie":1,"undead_revamp2:thepregnant":1,"enemyexpansion:invisicreeper":2,"undead_revamp2:thegliter":1},"minecraft:picked_up":{"born_in_chaos_v1:diamond_termite_shard":1,"minecraft:crafting_table":1,"minecraft:iron_chestplate":1,"minecraft:enchanted_book":1,"minecraft:string":18,"minecraft:red_bed":1,"minecraft:cobbled_deepslate":24,"minecraft:spruce_planks":14,"minecraft:spruce_slab":1,"minecraft:birch_sapling":3,"minecraft:dark_oak_sapling":2,"minecraft:stripped_crimson_hyphae":8,"minecraft:stick":1,"minecraft:raw_iron":3,"naturalist:duck":1,"minecraft:torch":11,"minecraft:spruce_stairs":2,"quark:birch_chest":1,"tombstone:grave_dust":4,"minecraft:purple_terracotta":2,"minecraft:dark_oak_planks":9,"twilightforest:magic_beans":1,"minecraft:arrow":7,"minecraft:rotten_flesh":4,"supplementaries:antique_ink":1,"supplementaries:ash":17,"minecraft:obsidian":1,"minecraft:rail":3,"minecraft:cobblestone":1,"minecraft:birch_log":4,"born_in_chaos_v1:corpse_maggot":2,"minecraft:feather":2,"minecraft:tuff":1,"minecraft:oak_log":5,"minecraft:chainmail_chestplate":1,"supplementaries:flax_seeds":6,"minecraft:gunpowder":1,"minecraft:lapis_lazuli":21,"minecraft:polished_granite":2,"minecraft:bone":20,"minecraft:wheat_seeds":1,"minecraft:stripped_acacia_wood":19,"minecraft:spruce_sapling":3,"minecraft:granite_slab":48,"minecraft:dark_oak_log":49,"minecraft:red_terracotta":21,"minecraft:polished_andesite":26,"minecraft:pumpkin_seeds":3,"minecraft:chainmail_leggings":1,"minecraft:diamond_axe":1,"minecraft:granite":11,"minecraft:emerald":12,"minecraft:terracotta":33,"minecraft:andesite_slab":10,"minecraft:bricks":3,"minecraft:dark_oak_fence":4,"minecraft:coal":2,"iceandfire:raw_silver":1},"minecraft:dropped":{"minecraft:wheat_seeds":1,"minecraft:diamond_axe":1,"minecraft:dark_oak_sapling":1,"minecraft:feather":1,"minecraft:cobblestone":1,"minecraft:rail":2,"tombstone:grave_key":1,"minecraft:bone":1,"minecraft:bricks":3,"minecraft:birch_sapling":3,"minecraft:beetroot":12,"minecraft:rotten_flesh":4,"minecraft:stripped_acacia_wood":4,"minecraft:red_terracotta":4,"minecraft:pumpkin_seeds":3,"minecraft:chainmail_chestplate":1,"supplementaries:ash":11,"supplementaries:flax_seeds":6,"minecraft:gunpowder":7,"minecraft:spruce_planks":4,"minecraft:stripped_crimson_hyphae":1},"minecraft:killed":{"born_in_chaos_v1:skeleton_demoman":1,"minecraft:spider":2,"minecraft:slime":1,"minecraft:skeleton":6,"undead_revamp2:sucker":1,"enemyexpansion:goblin":1,"undead_revamp2:thespitter":1,"born_in_chaos_v1:diamond_termite":2,"born_in_chaos_v1:baby_skeleton":1,"undead_revamp2:the_moonflower":3,"born_in_chaos_v1:decrepit_skeleton":2,"minecraft:zombie":2,"born_in_chaos_v1:corpse_fly":4,"enemyexpansion:wasp":1}},"DataVersion":3465}