{"stats":{"minecraft:custom":{"minecraft:time_since_rest":1949,"minecraft:sprint_one_cm":139763,"minecraft:damage_taken":3512,"minecraft:walk_one_cm":49009,"minecraft:mob_kills":1,"minecraft:drop":7,"minecraft:damage_dealt":175,"minecraft:swim_one_cm":582,"minecraft:interact_with_crafting_table":2,"minecraft:fly_one_cm":146182,"minecraft:open_barrel":16,"minecraft:open_chest":9,"minecraft:crouch_one_cm":4922,"minecraft:play_time":29337,"tombstone:undead_killed":1,"minecraft:deaths":8,"minecraft:sneak_time":1540,"minecraft:walk_under_water_one_cm":101,"minecraft:jump":872,"minecraft:time_since_death":2603,"minecraft:walk_on_water_one_cm":3693,"minecraft:total_world_time":29337,"minecraft:climb_one_cm":20319,"minecraft:fall_one_cm":33417},"minecraft:used":{"minecraft:beetroot":4,"minecraft:dark_oak_planks":133,"minecraft:diamond_pickaxe":37,"minecraft:diamond_axe":30,"naturalist:duck":1,"minecraft:terracotta":33,"minecraft:crafting_table":2,"minecraft:dark_oak_fence":1,"minecraft:chainmail_chestplate":1,"tombstone:gift":3,"alexsmobs:animal_dictionary":1,"minecraft:dark_oak_sapling":1},"minecraft:mined":{"minecraft:dark_oak_leaves":13,"minecraft:dark_oak_log":49,"minecraft:crafting_table":1,"minecraft:dark_oak_fence":1,"minecraft:terracotta":35,"minecraft:bricks":1,"minecraft:oak_leaves":1},"minecraft:crafted":{"minecraft:diamond_pickaxe":1,"minecraft:diamond_axe":1,"minecraft:crafting_table":2,"minecraft:stick":4,"minecraft:dark_oak_planks":196},"minecraft:killed_by":{"luminousworld:dark_oak_skeleton":2,"minecraft:skeleton":3,"undead_revamp2:thespitter":1},"minecraft:picked_up":{"minecraft:dark_oak_sapling":2,"minecraft:crafting_table":1,"naturalist:duck":1,"minecraft:feather":2,"minecraft:dark_oak_log":49,"minecraft:bone":1,"minecraft:rotten_flesh":2,"minecraft:terracotta":33,"minecraft:dark_oak_fence":1,"minecraft:bricks":1},"minecraft:dropped":{"tombstone:grave_key":1,"minecraft:dark_oak_sapling":1,"minecraft:feather":1,"minecraft:rotten_flesh":4,"minecraft:bone":1},"minecraft:killed":{"undead_revamp2:sucker":1}},"DataVersion":3465}