{"stats":{"minecraft:custom":{"minecraft:mob_kills":8,"minecraft:interact_with_crafting_table":2,"minecraft:open_barrel":21,"minecraft:time_since_death":6252,"minecraft:climb_one_cm":21637,"minecraft:time_since_rest":5012,"minecraft:sprint_one_cm":213363,"minecraft:damage_taken":6131,"minecraft:walk_one_cm":103713,"minecraft:drop":15,"minecraft:damage_dealt":3394,"tombstone:cast_on_ally":0,"minecraft:swim_one_cm":582,"minecraft:fly_one_cm":180783,"minecraft:open_chest":17,"minecraft:crouch_one_cm":18458,"minecraft:play_time":53337,"tombstone:undead_killed":8,"minecraft:deaths":14,"minecraft:sneak_time":5268,"minecraft:walk_under_water_one_cm":101,"minecraft:jump":1299,"minecraft:walk_on_water_one_cm":3884,"minecraft:total_world_time":53337,"minecraft:fall_one_cm":50243},"minecraft:used":{"minecraft:beetroot":4,"minecraft:spruce_slab":1,"minecraft:polished_andesite":16,"minecraft:spruce_planks":5,"minecraft:diamond_axe":135,"tombstone:scroll_of_purification":1,"minecraft:terracotta":33,"minecraft:crafting_table":2,"minecraft:chainmail_chestplate":1,"minecraft:purple_terracotta":2,"tombstone:bag_of_seeds":1,"minecraft:dark_oak_planks":192,"minecraft:diamond_pickaxe":177,"minecraft:bread":9,"tombstone:magic_scroll":1,"minecraft:red_terracotta":17,"minecraft:polished_granite":2,"minecraft:crimson_planks":26,"naturalist:duck":1,"minecraft:golden_carrot":1,"minecraft:dark_oak_fence":3,"tombstone:gift":3,"alexsmobs:animal_dictionary":1,"minecraft:acacia_planks":60,"minecraft:dark_oak_sapling":1},"minecraft:mined":{"minecraft:dark_oak_planks":9,"minecraft:spruce_planks":12,"minecraft:dark_oak_leaves":13,"minecraft:dark_oak_log":49,"minecraft:polished_granite":3,"minecraft:obsidian":1,"minecraft:crafting_table":1,"minecraft:granite":11,"minecraft:dark_oak_fence":4,"minecraft:purple_terracotta":2,"minecraft:stripped_crimson_hyphae":8,"minecraft:andesite_slab":8,"minecraft:bricks":4,"minecraft:spawner":5,"minecraft:spruce_stairs":2,"minecraft:red_terracotta":21,"minecraft:dark_oak_slab":1,"minecraft:birch_leaves":19,"minecraft:granite_slab":29,"minecraft:terracotta":52,"minecraft:stripped_acacia_wood":16,"minecraft:polished_andesite":33,"minecraft:spruce_slab":1,"minecraft:oak_leaves":1},"minecraft:crafted":{"minecraft:crimson_planks":28,"minecraft:diamond_axe":1,"minecraft:crafting_table":2,"minecraft:diamond_pickaxe":1,"minecraft:stick":4,"minecraft:acacia_planks":60,"minecraft:dark_oak_planks":196},"minecraft:killed_by":{"luminousworld:dark_oak_skeleton":2,"minecraft:skeleton":8,"undead_revamp2:thespitter":1},"minecraft:picked_up":{"minecraft:crafting_table":1,"minecraft:feather":2,"supplementaries:flax_seeds":3,"minecraft:chainmail_chestplate":1,"minecraft:polished_granite":2,"minecraft:bone":4,"minecraft:spruce_planks":10,"minecraft:spruce_slab":1,"minecraft:birch_sapling":1,"minecraft:dark_oak_sapling":2,"minecraft:stripped_crimson_hyphae":8,"naturalist:duck":1,"minecraft:stripped_acacia_wood":19,"minecraft:spruce_stairs":2,"minecraft:granite_slab":48,"tombstone:grave_dust":4,"minecraft:dark_oak_log":49,"minecraft:red_terracotta":21,"minecraft:purple_terracotta":2,"minecraft:dark_oak_planks":9,"minecraft:polished_andesite":26,"twilightforest:magic_beans":1,"minecraft:pumpkin_seeds":3,"minecraft:arrow":7,"minecraft:rotten_flesh":2,"minecraft:granite":11,"minecraft:terracotta":33,"minecraft:obsidian":1,"minecraft:dark_oak_fence":4,"minecraft:bricks":3,"minecraft:andesite_slab":10},"minecraft:dropped":{"minecraft:bricks":3,"minecraft:dark_oak_sapling":1,"minecraft:birch_sapling":1,"minecraft:feather":1,"minecraft:rotten_flesh":4,"minecraft:stripped_acacia_wood":4,"minecraft:pumpkin_seeds":3,"minecraft:red_terracotta":4,"supplementaries:flax_seeds":3,"tombstone:grave_key":1,"minecraft:stripped_crimson_hyphae":1,"minecraft:bone":1},"minecraft:killed":{"born_in_chaos_v1:decrepit_skeleton":1,"minecraft:skeleton":6,"undead_revamp2:sucker":1}},"DataVersion":3465}