{"stats":{"minecraft:custom":{"minecraft:mob_kills":6,"minecraft:interact_with_crafting_table":2,"minecraft:open_barrel":21,"minecraft:time_since_death":14603,"minecraft:climb_one_cm":20319,"minecraft:time_since_rest":13949,"minecraft:sprint_one_cm":164755,"minecraft:damage_taken":4024,"minecraft:walk_one_cm":83660,"minecraft:drop":15,"minecraft:damage_dealt":2614,"minecraft:swim_one_cm":582,"minecraft:fly_one_cm":165076,"minecraft:open_chest":14,"minecraft:crouch_one_cm":14312,"minecraft:play_time":41337,"tombstone:undead_killed":6,"minecraft:deaths":8,"minecraft:sneak_time":3766,"minecraft:walk_under_water_one_cm":101,"minecraft:jump":1093,"minecraft:walk_on_water_one_cm":3693,"minecraft:total_world_time":41337,"minecraft:fall_one_cm":38966},"minecraft:used":{"minecraft:beetroot":4,"minecraft:diamond_axe":113,"minecraft:terracotta":33,"minecraft:crafting_table":2,"minecraft:chainmail_chestplate":1,"minecraft:purple_terracotta":2,"tombstone:bag_of_seeds":1,"minecraft:dark_oak_planks":192,"minecraft:diamond_pickaxe":81,"minecraft:bread":8,"minecraft:red_terracotta":12,"minecraft:polished_granite":1,"minecraft:crimson_planks":1,"naturalist:duck":1,"minecraft:golden_carrot":1,"minecraft:dark_oak_fence":1,"tombstone:gift":3,"alexsmobs:animal_dictionary":1,"minecraft:acacia_planks":49,"minecraft:dark_oak_sapling":1},"minecraft:mined":{"minecraft:dark_oak_planks":9,"minecraft:spruce_planks":5,"minecraft:dark_oak_leaves":13,"minecraft:dark_oak_log":49,"minecraft:polished_granite":1,"minecraft:crafting_table":1,"minecraft:granite":9,"minecraft:dark_oak_fence":2,"minecraft:purple_terracotta":2,"minecraft:stripped_crimson_hyphae":8,"minecraft:bricks":3,"minecraft:spawner":4,"minecraft:red_terracotta":21,"minecraft:birch_leaves":16,"minecraft:terracotta":35,"minecraft:stripped_acacia_wood":16,"minecraft:oak_leaves":1},"minecraft:crafted":{"minecraft:crimson_planks":28,"minecraft:diamond_axe":1,"minecraft:crafting_table":2,"minecraft:diamond_pickaxe":1,"minecraft:stick":4,"minecraft:acacia_planks":60,"minecraft:dark_oak_planks":196},"minecraft:killed_by":{"luminousworld:dark_oak_skeleton":2,"minecraft:skeleton":3,"undead_revamp2:thespitter":1},"minecraft:picked_up":{"minecraft:crafting_table":1,"minecraft:feather":2,"supplementaries:flax_seeds":3,"minecraft:chainmail_chestplate":1,"minecraft:polished_granite":1,"minecraft:bone":3,"minecraft:spruce_planks":5,"minecraft:birch_sapling":1,"minecraft:dark_oak_sapling":2,"minecraft:stripped_crimson_hyphae":8,"naturalist:duck":1,"minecraft:stripped_acacia_wood":19,"tombstone:grave_dust":2,"minecraft:dark_oak_log":49,"minecraft:red_terracotta":21,"minecraft:purple_terracotta":2,"minecraft:dark_oak_planks":9,"twilightforest:magic_beans":1,"minecraft:pumpkin_seeds":3,"minecraft:arrow":6,"minecraft:rotten_flesh":2,"minecraft:granite":9,"minecraft:terracotta":33,"minecraft:dark_oak_fence":2,"minecraft:bricks":3},"minecraft:dropped":{"minecraft:bricks":3,"minecraft:dark_oak_sapling":1,"minecraft:birch_sapling":1,"minecraft:feather":1,"minecraft:rotten_flesh":4,"minecraft:stripped_acacia_wood":4,"minecraft:pumpkin_seeds":3,"minecraft:red_terracotta":4,"supplementaries:flax_seeds":3,"tombstone:grave_key":1,"minecraft:stripped_crimson_hyphae":1,"minecraft:bone":1},"minecraft:killed":{"born_in_chaos_v1:decrepit_skeleton":1,"minecraft:skeleton":4,"undead_revamp2:sucker":1}},"DataVersion":3465}