{"stats":{"minecraft:custom":{"minecraft:interact_with_furnace":12,"minecraft:mob_kills":15,"minecraft:interact_with_crafting_table":7,"minecraft:open_barrel":17,"minecraft:leave_game":1,"minecraft:time_since_death":11118,"minecraft:sleep_in_bed":1,"minecraft:climb_one_cm":12516,"minecraft:time_since_rest":3734,"minecraft:sprint_one_cm":188143,"minecraft:damage_taken":2963,"minecraft:walk_one_cm":214828,"minecraft:drop":13,"minecraft:damage_dealt":2206,"minecraft:swim_one_cm":13299,"minecraft:talked_to_villager":2,"minecraft:fly_one_cm":416379,"minecraft:open_chest":4,"minecraft:crouch_one_cm":4636,"minecraft:play_time":82548,"tombstone:undead_killed":3,"minecraft:deaths":9,"minecraft:sneak_time":1329,"minecraft:walk_under_water_one_cm":4831,"minecraft:jump":2893,"minecraft:walk_on_water_one_cm":11967,"minecraft:total_world_time":82548,"minecraft:fall_one_cm":52163},"minecraft:used":{"minecraft:cooked_mutton":2,"minecraft:diorite":1,"minecraft:stone_sword":57,"minecraft:stone_pickaxe":107,"minecraft:spruce_planks":15,"minecraft:wooden_pickaxe":70,"minecraft:sandstone":1,"iceandfire:armor_silver_metal_boots":1,"minecraft:dirt":2,"minecraft:sand":15,"minecraft:crafting_table":4,"minecraft:stone_axe":9,"minecraft:cobblestone":2,"minecraft:furnace":1,"minecraft:andesite":5,"tombstone:gift":1,"minecraft:cooked_beef":4},"minecraft:mined":{"minecraft:dark_oak_leaves":3,"luminousworld:grassvariant_4":2,"luminousworld:mossbuds_1":1,"minecraft:crafting_table":1,"minecraft:granite":4,"minecraft:stripped_crimson_hyphae":3,"minecraft:grass_block":1,"luminousworld:grassvariant_2":4,"luminousworld:whiteoakleaves":2,"minecraft:spruce_leaves":2,"minecraft:diorite":18,"luminousworld:groundpebbles_3":1,"minecraft:furnace":1,"minecraft:iron_ore":7,"minecraft:spruce_log":6,"minecraft:andesite":21,"minecraft:grass":12,"minecraft:coal_ore":40,"minecraft:oak_log":14,"minecraft:dirt":2,"minecraft:sand":15,"luminousworld:grassvariant_3":1,"minecraft:stone":80,"minecraft:oak_leaves":7},"minecraft:crafted":{"minecraft:cooked_beef":9,"minecraft:crimson_planks":12,"minecraft:oak_planks":56,"minecraft:crafting_table":4,"minecraft:spruce_planks":16,"minecraft:wooden_pickaxe":2,"minecraft:iron_sword":1,"minecraft:furnace":1,"minecraft:stone_axe":1,"minecraft:cooked_mutton":2,"minecraft:air":0,"minecraft:stick":20,"minecraft:stone_pickaxe":2,"minecraft:stone_sword":2,"minecraft:sandstone":1},"minecraft:killed_by":{"minecraft:vindicator":1,"undead_revamp2:the_moonflower":1,"iceandfire:ice_dragon":1,"minecraft:skeleton":3,"iceandfire:ghost":1,"takesapillage:clay_golem":1},"minecraft:picked_up":{"luminousworld:groundpebbles_1":1,"minecraft:seagrass":1,"minecraft:crafting_table":1,"minecraft:andesite":21,"minecraft:leather":5,"minecraft:oak_log":14,"tombstone:grave_key":3,"minecraft:dirt":3,"minecraft:string":4,"minecraft:wheat_seeds":2,"minecraft:gold_nugget":2,"minecraft:beef":12,"ecologics:crab_claw":1,"minecraft:furnace":1,"minecraft:stripped_crimson_hyphae":3,"minecraft:stick":3,"minecraft:raw_iron":7,"ecologics:coconut_slice":2,"minecraft:sand":31,"minecraft:spruce_sapling":1,"minecraft:diorite":18,"minecraft:carrot":1,"minecraft:spruce_log":6,"minecraft:rotten_flesh":4,"minecraft:granite":4,"minecraft:oak_sapling":1,"minecraft:black_wool":1,"minecraft:coal":67,"minecraft:mutton":2,"minecraft:cod":1,"minecraft:white_wool":2,"minecraft:cobblestone":83},"minecraft:dropped":{"ecologics:crab_claw":1,"tombstone:grave_key":8,"luminousworld:groundpebbles_1":1,"minecraft:sand":2,"minecraft:wooden_pickaxe":1},"minecraft:killed":{"born_in_chaos_v1:barrel_zombie":1,"minecraft:spider":1,"earthmobsmod:lobber_zombie":1,"earthmobsmod:umbra_cow":1,"born_in_chaos_v1:maggot":2,"minecraft:sheep":2,"minecraft:zombie":1,"minecraft:cow":6}},"DataVersion":3465}