{"stats":{"minecraft:custom":{"minecraft:jump":125,"minecraft:time_since_rest":924,"minecraft:damage_dealt":25,"minecraft:crouch_one_cm":577,"minecraft:deaths":1,"minecraft:sprint_one_cm":12489,"minecraft:play_time":4933,"minecraft:damage_taken":286,"minecraft:time_since_death":3323,"minecraft:walk_one_cm":5179,"minecraft:sneak_time":161,"minecraft:total_world_time":4933,"minecraft:drop":1,"minecraft:fall_one_cm":2969,"minecraft:fly_one_cm":22104},"minecraft:dropped":{"tombstone:grave_key":1}},"DataVersion":3465}