{"stats":{"minecraft:custom":{"minecraft:interact_with_furnace":6,"minecraft:mob_kills":13,"minecraft:interact_with_crafting_table":4,"minecraft:open_barrel":17,"minecraft:leave_game":1,"minecraft:time_since_death":0,"minecraft:climb_one_cm":12516,"minecraft:time_since_rest":453,"minecraft:sprint_one_cm":141359,"minecraft:damage_taken":2485,"minecraft:walk_one_cm":178677,"minecraft:drop":9,"minecraft:damage_dealt":1896,"minecraft:swim_one_cm":12506,"minecraft:talked_to_villager":2,"minecraft:fly_one_cm":301995,"minecraft:open_chest":3,"minecraft:crouch_one_cm":4417,"minecraft:play_time":57936,"tombstone:undead_killed":2,"minecraft:deaths":8,"minecraft:sneak_time":1109,"minecraft:walk_under_water_one_cm":4098,"minecraft:jump":1590,"minecraft:walk_on_water_one_cm":8733,"minecraft:total_world_time":57936,"minecraft:fall_one_cm":41619},"minecraft:used":{"minecraft:cooked_mutton":2,"minecraft:stone_sword":50,"minecraft:stone_pickaxe":3,"minecraft:spruce_planks":15,"minecraft:wooden_pickaxe":14,"iceandfire:armor_silver_metal_boots":1,"minecraft:crafting_table":3,"minecraft:stone_axe":7,"minecraft:furnace":1,"tombstone:gift":1,"minecraft:cooked_beef":1},"minecraft:mined":{"minecraft:dark_oak_leaves":3,"luminousworld:grassvariant_4":2,"luminousworld:mossbuds_1":1,"minecraft:stripped_crimson_hyphae":3,"luminousworld:grassvariant_2":4,"luminousworld:whiteoakleaves":1,"minecraft:spruce_leaves":2,"luminousworld:groundpebbles_3":1,"minecraft:iron_ore":1,"minecraft:spruce_log":6,"minecraft:grass":9,"minecraft:oak_log":10,"luminousworld:grassvariant_3":1,"minecraft:stone":13,"minecraft:oak_leaves":3},"minecraft:crafted":{"minecraft:cooked_beef":2,"minecraft:crimson_planks":12,"minecraft:oak_planks":40,"minecraft:crafting_table":3,"minecraft:spruce_planks":16,"minecraft:wooden_pickaxe":1,"minecraft:iron_sword":1,"minecraft:furnace":1,"minecraft:stone_axe":1,"minecraft:cooked_mutton":2,"minecraft:air":0,"minecraft:stick":12,"minecraft:stone_pickaxe":1,"minecraft:stone_sword":1},"minecraft:killed_by":{"minecraft:vindicator":1,"undead_revamp2:the_moonflower":1,"minecraft:skeleton":3,"iceandfire:ghost":1,"takesapillage:clay_golem":1},"minecraft:picked_up":{"minecraft:seagrass":1,"luminousworld:groundpebbles_1":1,"minecraft:leather":3,"minecraft:oak_log":10,"tombstone:grave_key":3,"minecraft:string":4,"minecraft:wheat_seeds":1,"minecraft:gold_nugget":2,"minecraft:beef":11,"minecraft:stripped_crimson_hyphae":3,"minecraft:stick":1,"minecraft:raw_iron":1,"minecraft:spruce_sapling":1,"minecraft:spruce_log":6,"minecraft:carrot":1,"minecraft:rotten_flesh":3,"minecraft:oak_sapling":1,"minecraft:mutton":2,"minecraft:cod":1,"minecraft:white_wool":2,"minecraft:cobblestone":16},"minecraft:dropped":{"tombstone:grave_key":7,"luminousworld:groundpebbles_1":1,"minecraft:wooden_pickaxe":1},"minecraft:killed":{"born_in_chaos_v1:barrel_zombie":1,"minecraft:spider":1,"born_in_chaos_v1:maggot":2,"minecraft:sheep":2,"minecraft:zombie":1,"minecraft:cow":6}},"DataVersion":3465}