{"stats":{"minecraft:custom":{"minecraft:open_barrel":17,"minecraft:open_chest":1,"minecraft:time_since_rest":2817,"minecraft:crouch_one_cm":1543,"minecraft:play_time":28933,"minecraft:sprint_one_cm":108904,"minecraft:walk_one_cm":94766,"minecraft:damage_taken":1911,"minecraft:deaths":6,"minecraft:sneak_time":445,"minecraft:walk_under_water_one_cm":3754,"minecraft:drop":5,"minecraft:jump":1161,"minecraft:damage_dealt":55,"minecraft:time_since_death":3814,"minecraft:walk_on_water_one_cm":7823,"minecraft:total_world_time":28933,"minecraft:climb_one_cm":12516,"minecraft:talked_to_villager":2,"minecraft:swim_one_cm":11137,"minecraft:interact_with_crafting_table":1,"minecraft:fall_one_cm":32639,"minecraft:fly_one_cm":246465},"minecraft:used":{"minecraft:crafting_table":1,"tombstone:gift":1},"minecraft:mined":{"minecraft:grass":1,"minecraft:stripped_crimson_hyphae":3,"minecraft:dark_oak_leaves":3,"luminousworld:grassvariant_2":1,"luminousworld:whiteoakleaves":1},"minecraft:crafted":{"minecraft:iron_sword":1,"minecraft:crimson_planks":12,"minecraft:crafting_table":1,"minecraft:stick":4},"minecraft:killed_by":{"minecraft:vindicator":1,"minecraft:skeleton":2,"iceandfire:ghost":1,"takesapillage:clay_golem":1},"minecraft:picked_up":{"minecraft:stripped_crimson_hyphae":3,"tombstone:grave_key":2},"minecraft:dropped":{"tombstone:grave_key":5}},"DataVersion":3465}