{"stats":{"minecraft:custom":{"minecraft:time_since_rest":6536,"minecraft:sprint_one_cm":108904,"minecraft:damage_taken":2070,"minecraft:walk_one_cm":107193,"minecraft:drop":5,"minecraft:damage_dealt":55,"minecraft:interact_with_crafting_table":1,"minecraft:swim_one_cm":11137,"minecraft:talked_to_villager":2,"minecraft:fly_one_cm":246605,"minecraft:open_barrel":17,"minecraft:open_chest":3,"minecraft:crouch_one_cm":4417,"minecraft:play_time":40933,"minecraft:deaths":7,"minecraft:sneak_time":1102,"minecraft:walk_under_water_one_cm":3754,"minecraft:jump":1208,"minecraft:walk_on_water_one_cm":7823,"minecraft:time_since_death":8935,"minecraft:climb_one_cm":12516,"minecraft:total_world_time":40933,"minecraft:fall_one_cm":34989},"minecraft:used":{"minecraft:spruce_planks":15,"iceandfire:armor_silver_metal_boots":1,"minecraft:crafting_table":1,"tombstone:gift":1},"minecraft:mined":{"minecraft:dark_oak_leaves":3,"minecraft:spruce_log":6,"luminousworld:mossbuds_1":1,"minecraft:grass":1,"minecraft:stripped_crimson_hyphae":3,"luminousworld:grassvariant_2":1,"luminousworld:whiteoakleaves":1,"minecraft:spruce_leaves":2},"minecraft:crafted":{"minecraft:crimson_planks":12,"minecraft:crafting_table":1,"minecraft:spruce_planks":16,"minecraft:stick":4,"minecraft:iron_sword":1},"minecraft:killed_by":{"minecraft:vindicator":1,"iceandfire:ghost":1,"minecraft:skeleton":3,"takesapillage:clay_golem":1},"minecraft:picked_up":{"minecraft:stripped_crimson_hyphae":3,"tombstone:grave_key":2,"minecraft:spruce_sapling":1,"minecraft:spruce_log":6},"minecraft:dropped":{"tombstone:grave_key":5}},"DataVersion":3465}