{"stats":{"minecraft:custom":{"minecraft:interact_with_furnace":12,"minecraft:mob_kills":14,"minecraft:interact_with_crafting_table":4,"minecraft:open_barrel":17,"minecraft:leave_game":1,"minecraft:time_since_death":12206,"minecraft:climb_one_cm":12516,"minecraft:time_since_rest":10257,"minecraft:sprint_one_cm":173524,"minecraft:damage_taken":2620,"minecraft:walk_one_cm":199894,"minecraft:drop":12,"minecraft:damage_dealt":2006,"minecraft:swim_one_cm":13299,"minecraft:talked_to_villager":2,"minecraft:fly_one_cm":391242,"minecraft:open_chest":4,"minecraft:crouch_one_cm":4467,"minecraft:play_time":70548,"tombstone:undead_killed":2,"minecraft:deaths":8,"minecraft:sneak_time":1115,"minecraft:walk_under_water_one_cm":4256,"minecraft:jump":2707,"minecraft:walk_on_water_one_cm":11146,"minecraft:total_world_time":70548,"minecraft:fall_one_cm":49530},"minecraft:used":{"minecraft:cooked_mutton":2,"minecraft:stone_sword":52,"minecraft:stone_pickaxe":39,"minecraft:spruce_planks":15,"minecraft:wooden_pickaxe":14,"minecraft:sandstone":1,"iceandfire:armor_silver_metal_boots":1,"minecraft:sand":15,"minecraft:crafting_table":3,"minecraft:stone_axe":9,"minecraft:cobblestone":2,"minecraft:furnace":1,"tombstone:gift":1,"minecraft:cooked_beef":3},"minecraft:mined":{"minecraft:dark_oak_leaves":3,"luminousworld:grassvariant_4":2,"luminousworld:mossbuds_1":1,"minecraft:crafting_table":1,"minecraft:stripped_crimson_hyphae":3,"luminousworld:grassvariant_2":4,"luminousworld:whiteoakleaves":1,"minecraft:spruce_leaves":2,"luminousworld:groundpebbles_3":1,"minecraft:furnace":1,"minecraft:iron_ore":1,"minecraft:spruce_log":6,"minecraft:grass":11,"minecraft:coal_ore":28,"minecraft:oak_log":10,"minecraft:sand":5,"luminousworld:grassvariant_3":1,"minecraft:stone":19,"minecraft:oak_leaves":3},"minecraft:crafted":{"minecraft:cooked_beef":9,"minecraft:crimson_planks":12,"minecraft:oak_planks":40,"minecraft:crafting_table":3,"minecraft:spruce_planks":16,"minecraft:wooden_pickaxe":1,"minecraft:iron_sword":1,"minecraft:furnace":1,"minecraft:stone_axe":1,"minecraft:cooked_mutton":2,"minecraft:air":0,"minecraft:stick":12,"minecraft:stone_pickaxe":1,"minecraft:stone_sword":1,"minecraft:sandstone":1},"minecraft:killed_by":{"minecraft:vindicator":1,"undead_revamp2:the_moonflower":1,"minecraft:skeleton":3,"iceandfire:ghost":1,"takesapillage:clay_golem":1},"minecraft:picked_up":{"luminousworld:groundpebbles_1":1,"minecraft:seagrass":1,"minecraft:crafting_table":1,"minecraft:leather":5,"minecraft:oak_log":10,"tombstone:grave_key":3,"minecraft:string":4,"minecraft:wheat_seeds":1,"minecraft:gold_nugget":2,"minecraft:beef":12,"ecologics:crab_claw":1,"minecraft:furnace":1,"minecraft:stripped_crimson_hyphae":3,"minecraft:stick":3,"minecraft:raw_iron":1,"ecologics:coconut_slice":2,"minecraft:sand":21,"minecraft:spruce_sapling":1,"minecraft:carrot":1,"minecraft:spruce_log":6,"minecraft:rotten_flesh":3,"minecraft:oak_sapling":1,"minecraft:black_wool":1,"minecraft:coal":55,"minecraft:mutton":2,"minecraft:cod":1,"minecraft:white_wool":2,"minecraft:cobblestone":22},"minecraft:dropped":{"ecologics:crab_claw":1,"tombstone:grave_key":7,"luminousworld:groundpebbles_1":1,"minecraft:sand":2,"minecraft:wooden_pickaxe":1},"minecraft:killed":{"born_in_chaos_v1:barrel_zombie":1,"minecraft:spider":1,"earthmobsmod:umbra_cow":1,"born_in_chaos_v1:maggot":2,"minecraft:sheep":2,"minecraft:zombie":1,"minecraft:cow":6}},"DataVersion":3465}