{"stats":{"minecraft:custom":{"minecraft:open_barrel":8,"minecraft:open_chest":1,"minecraft:time_since_rest":863,"minecraft:crouch_one_cm":1385,"minecraft:play_time":16933,"minecraft:sprint_one_cm":63517,"minecraft:walk_one_cm":30168,"minecraft:damage_taken":1141,"minecraft:deaths":4,"minecraft:sneak_time":417,"minecraft:walk_under_water_one_cm":162,"minecraft:drop":4,"minecraft:jump":631,"minecraft:damage_dealt":35,"minecraft:time_since_death":1012,"minecraft:walk_on_water_one_cm":5371,"minecraft:total_world_time":16933,"minecraft:climb_one_cm":12516,"minecraft:swim_one_cm":1104,"minecraft:interact_with_crafting_table":1,"minecraft:fall_one_cm":16061,"minecraft:fly_one_cm":126337},"minecraft:used":{"minecraft:crafting_table":1,"tombstone:gift":1},"minecraft:mined":{"minecraft:grass":1,"minecraft:stripped_crimson_hyphae":3,"minecraft:dark_oak_leaves":2,"luminousworld:grassvariant_2":1},"minecraft:crafted":{"minecraft:iron_sword":1,"minecraft:crimson_planks":12,"minecraft:crafting_table":1,"minecraft:stick":4},"minecraft:killed_by":{"minecraft:skeleton":2,"iceandfire:ghost":1},"minecraft:picked_up":{"minecraft:stripped_crimson_hyphae":3,"tombstone:grave_key":1},"minecraft:dropped":{"tombstone:grave_key":4}},"DataVersion":3465}