{"stats":{"minecraft:broken":{"minecraft:stone_pickaxe":1},"minecraft:picked_up":{"born_in_chaos_v1:diamond_termite_shard":7,"minecraft:seagrass":1,"luminousworld:groundpebbles_1":1,"minecraft:crafting_table":1,"minecraft:andesite":24,"minecraft:leather":5,"supplementaries:flax_seeds":1,"minecraft:oak_log":14,"tombstone:grave_key":3,"artifacts:flame_pendant":1,"minecraft:lapis_lazuli":9,"minecraft:dirt":3,"minecraft:string":4,"minecraft:bone":5,"minecraft:wheat_seeds":2,"minecraft:gold_nugget":2,"minecraft:cobbled_deepslate":3,"minecraft:raw_gold":2,"minecraft:beef":12,"minecraft:oak_planks":2,"ecologics:crab_claw":1,"minecraft:furnace":2,"minecraft:raw_iron":34,"minecraft:stick":3,"minecraft:stripped_crimson_hyphae":3,"ecologics:coconut_slice":2,"minecraft:torch":12,"minecraft:sand":31,"minecraft:spruce_sapling":1,"minecraft:diorite":32,"minecraft:spruce_log":6,"minecraft:carrot":1,"minecraft:rotten_flesh":4,"minecraft:granite":5,"minecraft:emerald":3,"supplementaries:ash":20,"minecraft:oak_sapling":1,"minecraft:cod":1,"minecraft:black_wool":1,"minecraft:mutton":2,"minecraft:coal":126,"minecraft:white_wool":2,"minecraft:cobblestone":121},"minecraft:used":{"minecraft:cooked_mutton":2,"minecraft:diorite":1,"minecraft:stone_sword":118,"minecraft:stone_pickaxe":209,"minecraft:spruce_planks":15,"minecraft:wooden_pickaxe":70,"minecraft:sandstone":1,"minecraft:torch":1,"iceandfire:armor_silver_metal_boots":1,"minecraft:dirt":3,"minecraft:sand":15,"minecraft:crafting_table":5,"minecraft:iron_pickaxe":30,"minecraft:stone_axe":9,"minecraft:cobblestone":2,"minecraft:furnace":2,"minecraft:andesite":21,"tombstone:gift":3,"minecraft:cooked_beef":4},"minecraft:mined":{"minecraft:dark_oak_leaves":3,"luminousworld:grassvariant_4":2,"luminousworld:mossbuds_1":1,"born_in_chaos_v1:infected_diamond_ore":3,"minecraft:crafting_table":1,"minecraft:granite":5,"minecraft:stripped_crimson_hyphae":3,"minecraft:grass_block":1,"luminousworld:grassvariant_2":4,"luminousworld:whiteoakleaves":2,"minecraft:spruce_leaves":2,"minecraft:lapis_ore":1,"minecraft:oak_planks":3,"minecraft:wall_torch":1,"minecraft:diorite":32,"luminousworld:groundpebbles_3":1,"supplementaries:urn":11,"minecraft:furnace":2,"minecraft:iron_ore":32,"minecraft:spruce_log":6,"minecraft:andesite":24,"minecraft:grass":12,"minecraft:oak_log":14,"minecraft:coal_ore":65,"minecraft:deepslate_iron_ore":2,"minecraft:sand":15,"minecraft:dirt":2,"luminousworld:grassvariant_3":1,"minecraft:gold_ore":2,"minecraft:deepslate":3,"minecraft:stone":120,"minecraft:oak_leaves":7},"minecraft:dropped":{"ecologics:crab_claw":1,"tombstone:grave_key":8,"luminousworld:groundpebbles_1":1,"minecraft:sand":2,"minecraft:wooden_pickaxe":1},"minecraft:custom":{"minecraft:interact_with_furnace":14,"minecraft:mob_kills":23,"minecraft:interact_with_crafting_table":11,"minecraft:open_barrel":18,"minecraft:leave_game":3,"minecraft:time_since_death":370,"minecraft:sleep_in_bed":2,"minecraft:climb_one_cm":12516,"minecraft:time_since_rest":1,"minecraft:sprint_one_cm":265281,"minecraft:damage_taken":4458,"minecraft:walk_one_cm":277443,"minecraft:drop":13,"minecraft:damage_dealt":4118,"minecraft:swim_one_cm":14562,"minecraft:talked_to_villager":2,"minecraft:fly_one_cm":490866,"minecraft:open_chest":4,"minecraft:crouch_one_cm":5377,"minecraft:play_time":109592,"tombstone:undead_killed":3,"minecraft:deaths":15,"minecraft:sneak_time":1590,"minecraft:walk_under_water_one_cm":5078,"minecraft:jump":3427,"minecraft:walk_on_water_one_cm":12595,"minecraft:total_world_time":109592,"minecraft:fall_one_cm":63057},"minecraft:crafted":{"minecraft:cooked_beef":9,"minecraft:crimson_planks":12,"minecraft:oak_planks":56,"minecraft:crafting_table":5,"minecraft:spruce_planks":16,"minecraft:iron_helmet":1,"minecraft:wooden_pickaxe":2,"minecraft:iron_sword":1,"minecraft:furnace":2,"minecraft:stone_axe":1,"minecraft:cooked_mutton":2,"minecraft:air":0,"minecraft:iron_boots":1,"minecraft:stick":24,"minecraft:iron_ingot":22,"minecraft:iron_pickaxe":1,"minecraft:stone_pickaxe":3,"minecraft:stone_sword":2,"minecraft:iron_leggings":1,"minecraft:sandstone":1},"minecraft:killed":{"born_in_chaos_v1:barrel_zombie":1,"born_in_chaos_v1:diamond_termite":7,"minecraft:spider":1,"earthmobsmod:lobber_zombie":1,"earthmobsmod:umbra_cow":1,"born_in_chaos_v1:maggot":2,"minecraft:sheep":2,"minecraft:zombie":1,"artifacts:mimic":1,"minecraft:cow":6},"minecraft:killed_by":{"minecraft:vindicator":1,"born_in_chaos_v1:diamond_termite":2,"undead_revamp2:the_moonflower":1,"iceandfire:ice_dragon":1,"minecraft:skeleton":4,"artifacts:mimic":1,"iceandfire:ghost":1,"born_in_chaos_v1:fallen_chaos_knight":1,"enemyexpansion:vampflyer":1,"takesapillage:clay_golem":1}},"DataVersion":3465}