{"stats":{"minecraft:custom":{"minecraft:mob_kills":4,"minecraft:interact_with_crafting_table":8,"minecraft:leave_game":3,"minecraft:time_since_death":169,"minecraft:sleep_in_bed":1,"minecraft:climb_one_cm":1418,"minecraft:time_since_rest":1,"minecraft:sprint_one_cm":351627,"minecraft:damage_taken":4372,"minecraft:walk_one_cm":276225,"minecraft:trigger_trapped_chest":1,"minecraft:drop":11,"minecraft:damage_dealt":762,"minecraft:swim_one_cm":23876,"minecraft:fly_one_cm":288792,"minecraft:crouch_one_cm":193,"minecraft:play_time":101325,"tombstone:undead_killed":1,"minecraft:deaths":13,"minecraft:sneak_time":124,"minecraft:walk_under_water_one_cm":5383,"minecraft:jump":1612,"minecraft:walk_on_water_one_cm":31369,"minecraft:total_world_time":101325,"minecraft:fall_one_cm":35309},"minecraft:used":{"minecraft:beetroot":12,"minecraft:birch_planks":198,"minecraft:stone_pickaxe":84,"minecraft:wooden_pickaxe":54,"minecraft:rotten_flesh":3,"naturalist:duck_egg":2,"minecraft:white_wool":1,"minecraft:crafting_table":2,"minecraft:wooden_axe":26,"minecraft:stone_axe":81,"minecraft:cobblestone":30,"alexsmobs:animal_dictionary":1,"minecraft:birch_stairs":28},"minecraft:mined":{"luminousworld:white_petunias":1,"minecraft:birch_stairs":3,"luminousworld:grassvariant_4":3,"minecraft:dark_oak_log":39,"minecraft:crafting_table":2,"luminousworld:grassvariant_2":3,"luminousworld:clovers_2":1,"minecraft:copper_ore":2,"minecraft:cobblestone":5,"minecraft:birch_planks":7,"minecraft:birch_log":79,"minecraft:birch_leaves":4,"minecraft:grass":3,"minecraft:vine":1,"luminousworld:grassvariant_3":3,"luminousworld:groundpebbles_2":1,"minecraft:stone":117,"minecraft:oak_leaves":1},"minecraft:crafted":{"minecraft:wooden_sword":1,"minecraft:crafting_table":2,"minecraft:wooden_pickaxe":2,"minecraft:dark_oak_wood":3,"minecraft:birch_planks":300,"minecraft:stone_axe":1,"minecraft:stick":16,"minecraft:stone_pickaxe":1,"minecraft:wooden_axe":2,"minecraft:dark_oak_planks":28,"minecraft:birch_stairs":28},"minecraft:killed_by":{"luminousworld:dark_oak_skeleton":1,"enemyexpansion:sprinter":1,"minecraft:player":1,"born_in_chaos_v1:restless_spirit":2,"undead_revamp2:the_moonflower":2,"minecraft:zombie":1,"born_in_chaos_v1:corpse_fish":1,"iceandfire:ghost":3},"minecraft:picked_up":{"minecraft:birch_log":77,"born_in_chaos_v1:diamond_termite_shard":1,"minecraft:crafting_table":2,"minecraft:wooden_pickaxe":1,"minecraft:birch_planks":9,"tombstone:grave_key":4,"minecraft:chainmail_chestplate":1,"minecraft:string":1,"minecraft:raw_copper":5,"minecraft:bone":2,"minecraft:beetroot":12,"minecraft:wheat_seeds":1,"luminousworld:white_petunias":1,"minecraft:stick":1,"luminousworld:clovers_1":1,"minecraft:birch_stairs":3,"minecraft:spruce_sapling":3,"minecraft:dark_oak_log":39,"naturalist:duck_egg":3,"minecraft:arrow":1,"minecraft:rotten_flesh":4,"supplementaries:ash":7,"minecraft:mutton":1,"minecraft:white_wool":1,"minecraft:cobblestone":122},"minecraft:dropped":{"minecraft:stick":1,"tombstone:grave_key":10},"minecraft:killed":{"minecraft:spider":1,"luminousworld:rusty_page":1,"minecraft:sheep":1,"minecraft:zombie":1}},"DataVersion":3465}