{"stats":{"minecraft:custom":{"minecraft:time_since_rest":3411,"minecraft:crouch_one_cm":193,"minecraft:play_time":14623,"minecraft:sprint_one_cm":53612,"minecraft:walk_one_cm":35993,"minecraft:damage_taken":710,"minecraft:deaths":2,"minecraft:sneak_time":114,"minecraft:walk_under_water_one_cm":3065,"minecraft:mob_kills":1,"minecraft:drop":1,"minecraft:jump":274,"minecraft:damage_dealt":244,"minecraft:time_since_death":5810,"minecraft:walk_on_water_one_cm":9602,"minecraft:total_world_time":14623,"minecraft:swim_one_cm":22,"minecraft:interact_with_crafting_table":1,"minecraft:fall_one_cm":5018,"minecraft:fly_one_cm":39628},"minecraft:used":{"naturalist:duck_egg":2,"minecraft:wooden_axe":21,"minecraft:crafting_table":1,"alexsmobs:animal_dictionary":1},"minecraft:mined":{"luminousworld:white_petunias":1,"luminousworld:grassvariant_2":1,"minecraft:dark_oak_log":24,"minecraft:crafting_table":1},"minecraft:crafted":{"minecraft:wooden_sword":1,"minecraft:dark_oak_planks":16,"minecraft:crafting_table":1,"minecraft:stick":4,"minecraft:wooden_axe":1},"minecraft:killed_by":{"iceandfire:ghost":1,"minecraft:zombie":1},"minecraft:picked_up":{"minecraft:crafting_table":1,"tombstone:grave_key":1,"luminousworld:white_petunias":1,"minecraft:dark_oak_log":24,"naturalist:duck_egg":2},"minecraft:dropped":{"tombstone:grave_key":1},"minecraft:killed":{"luminousworld:rusty_page":1}},"DataVersion":3465}