{"stats":{"minecraft:custom":{"minecraft:time_since_rest":8235,"minecraft:sprint_one_cm":291644,"minecraft:damage_taken":3074,"minecraft:walk_one_cm":148229,"minecraft:trigger_trapped_chest":1,"minecraft:mob_kills":2,"minecraft:drop":10,"minecraft:damage_dealt":342,"minecraft:swim_one_cm":23876,"minecraft:interact_with_crafting_table":2,"minecraft:fly_one_cm":247656,"minecraft:crouch_one_cm":193,"minecraft:play_time":66783,"minecraft:deaths":8,"minecraft:sneak_time":114,"minecraft:walk_under_water_one_cm":5383,"minecraft:jump":1296,"minecraft:leave_game":2,"minecraft:time_since_death":11910,"minecraft:walk_on_water_one_cm":31369,"minecraft:sleep_in_bed":1,"minecraft:climb_one_cm":886,"minecraft:total_world_time":66783,"minecraft:fall_one_cm":28060},"minecraft:used":{"minecraft:beetroot":12,"minecraft:wooden_axe":26,"minecraft:birch_planks":17,"minecraft:rotten_flesh":3,"naturalist:duck_egg":2,"minecraft:crafting_table":2,"alexsmobs:animal_dictionary":1},"minecraft:mined":{"luminousworld:white_petunias":1,"minecraft:birch_log":8,"minecraft:dark_oak_log":39,"minecraft:birch_leaves":2,"minecraft:crafting_table":2,"minecraft:vine":1,"luminousworld:grassvariant_2":1,"luminousworld:grassvariant_3":1,"minecraft:oak_leaves":1},"minecraft:crafted":{"minecraft:wooden_sword":1,"minecraft:crafting_table":2,"minecraft:stick":8,"minecraft:wooden_pickaxe":1,"minecraft:dark_oak_wood":3,"minecraft:wooden_axe":2,"minecraft:dark_oak_planks":28,"minecraft:birch_planks":24},"minecraft:killed_by":{"luminousworld:dark_oak_skeleton":1,"iceandfire:ghost":3,"undead_revamp2:the_moonflower":1,"minecraft:zombie":1,"born_in_chaos_v1:corpse_fish":1},"minecraft:picked_up":{"minecraft:birch_log":8,"minecraft:crafting_table":2,"tombstone:grave_key":4,"minecraft:chainmail_chestplate":1,"minecraft:dark_oak_log":39,"naturalist:duck_egg":3,"minecraft:arrow":1,"minecraft:bone":2,"minecraft:rotten_flesh":3,"minecraft:beetroot":12,"luminousworld:white_petunias":1,"minecraft:mutton":1,"minecraft:white_wool":1},"minecraft:dropped":{"tombstone:grave_key":10},"minecraft:killed":{"minecraft:sheep":1,"luminousworld:rusty_page":1}},"DataVersion":3465}