{"stats":{"minecraft:custom":{"minecraft:time_since_rest":826,"minecraft:sprint_one_cm":209892,"minecraft:damage_taken":2660,"minecraft:walk_one_cm":70773,"minecraft:trigger_trapped_chest":1,"minecraft:mob_kills":1,"minecraft:drop":4,"minecraft:damage_dealt":244,"minecraft:swim_one_cm":14157,"minecraft:interact_with_crafting_table":2,"minecraft:fly_one_cm":179330,"minecraft:crouch_one_cm":193,"minecraft:play_time":38333,"minecraft:deaths":7,"minecraft:sneak_time":114,"minecraft:walk_under_water_one_cm":5155,"minecraft:jump":923,"minecraft:leave_game":1,"minecraft:walk_on_water_one_cm":28771,"minecraft:time_since_death":3225,"minecraft:total_world_time":38333,"minecraft:fall_one_cm":22032},"minecraft:used":{"minecraft:wooden_axe":26,"minecraft:rotten_flesh":3,"naturalist:duck_egg":2,"minecraft:crafting_table":2,"alexsmobs:animal_dictionary":1},"minecraft:mined":{"luminousworld:white_petunias":1,"minecraft:birch_log":2,"minecraft:dark_oak_log":39,"minecraft:birch_leaves":1,"minecraft:crafting_table":2,"minecraft:vine":1,"luminousworld:grassvariant_2":1,"minecraft:oak_leaves":1},"minecraft:crafted":{"minecraft:wooden_sword":1,"minecraft:crafting_table":2,"minecraft:stick":8,"minecraft:wooden_pickaxe":1,"minecraft:dark_oak_wood":3,"minecraft:wooden_axe":2,"minecraft:dark_oak_planks":28},"minecraft:killed_by":{"luminousworld:dark_oak_skeleton":1,"iceandfire:ghost":3,"minecraft:zombie":1,"born_in_chaos_v1:corpse_fish":1},"minecraft:picked_up":{"minecraft:birch_log":2,"minecraft:crafting_table":2,"tombstone:grave_key":1,"minecraft:dark_oak_log":39,"naturalist:duck_egg":3,"minecraft:rotten_flesh":3,"luminousworld:white_petunias":1},"minecraft:dropped":{"tombstone:grave_key":4},"minecraft:killed":{"luminousworld:rusty_page":1}},"DataVersion":3465}