{"stats":{"minecraft:custom":{"minecraft:mob_kills":4,"minecraft:interact_with_crafting_table":9,"minecraft:leave_game":4,"minecraft:time_since_death":5060,"minecraft:sleep_in_bed":1,"minecraft:climb_one_cm":1418,"minecraft:time_since_rest":4900,"minecraft:sprint_one_cm":418623,"minecraft:damage_taken":4892,"minecraft:walk_one_cm":354419,"minecraft:trigger_trapped_chest":1,"minecraft:drop":11,"minecraft:damage_dealt":777,"minecraft:swim_one_cm":23876,"minecraft:fly_one_cm":309806,"minecraft:open_chest":1,"minecraft:crouch_one_cm":193,"minecraft:play_time":122889,"tombstone:undead_killed":1,"minecraft:deaths":15,"minecraft:sneak_time":124,"minecraft:walk_under_water_one_cm":5383,"minecraft:jump":1760,"minecraft:walk_on_water_one_cm":31369,"minecraft:total_world_time":122889,"minecraft:fall_one_cm":38700},"minecraft:used":{"minecraft:beetroot":12,"minecraft:birch_planks":383,"minecraft:stone_pickaxe":117,"minecraft:wooden_pickaxe":54,"minecraft:rotten_flesh":3,"naturalist:duck_egg":2,"minecraft:white_wool":1,"minecraft:crafting_table":2,"minecraft:wooden_axe":26,"minecraft:stone_axe":135,"minecraft:cobblestone":73,"minecraft:birch_log":1,"alexsmobs:animal_dictionary":1,"minecraft:birch_stairs":28},"minecraft:mined":{"luminousworld:white_petunias":1,"minecraft:birch_stairs":3,"luminousworld:grassvariant_4":3,"minecraft:dark_oak_log":39,"minecraft:crafting_table":2,"luminousworld:grassvariant_2":3,"luminousworld:clovers_2":1,"minecraft:copper_ore":2,"minecraft:cobblestone":38,"minecraft:birch_planks":11,"minecraft:birch_log":129,"minecraft:birch_leaves":6,"minecraft:grass":3,"minecraft:vine":1,"luminousworld:grassvariant_3":3,"luminousworld:groundpebbles_2":1,"minecraft:stone":117,"minecraft:oak_leaves":1},"minecraft:crafted":{"minecraft:wooden_sword":1,"minecraft:crafting_table":2,"minecraft:wooden_pickaxe":2,"minecraft:dark_oak_wood":3,"minecraft:birch_planks":492,"minecraft:stone_axe":1,"minecraft:stick":16,"minecraft:stone_pickaxe":1,"minecraft:wooden_axe":2,"minecraft:dark_oak_planks":28,"minecraft:torch":12,"minecraft:birch_stairs":28},"minecraft:killed_by":{"luminousworld:dark_oak_skeleton":1,"enemyexpansion:sprinter":1,"minecraft:player":2,"born_in_chaos_v1:restless_spirit":2,"undead_revamp2:the_moonflower":3,"minecraft:zombie":1,"born_in_chaos_v1:corpse_fish":1,"iceandfire:ghost":3},"minecraft:picked_up":{"minecraft:birch_log":126,"born_in_chaos_v1:diamond_termite_shard":2,"minecraft:crafting_table":2,"minecraft:wooden_pickaxe":2,"minecraft:birch_planks":21,"tombstone:grave_key":4,"minecraft:chainmail_chestplate":1,"minecraft:string":1,"minecraft:raw_copper":5,"minecraft:bone":2,"minecraft:beetroot":12,"minecraft:wheat_seeds":1,"minecraft:iron_nugget":5,"luminousworld:white_petunias":1,"minecraft:stick":2,"luminousworld:clovers_1":1,"minecraft:birch_stairs":3,"minecraft:spruce_sapling":3,"minecraft:dark_oak_log":39,"naturalist:duck_egg":3,"minecraft:arrow":1,"minecraft:rotten_flesh":4,"supplementaries:ash":7,"minecraft:mutton":1,"minecraft:white_wool":1,"minecraft:cobblestone":155},"minecraft:dropped":{"minecraft:stick":1,"tombstone:grave_key":10},"minecraft:broken":{"minecraft:stone_axe":1},"minecraft:killed":{"minecraft:spider":1,"luminousworld:rusty_page":1,"minecraft:sheep":1,"minecraft:zombie":1}},"DataVersion":3465}