{"stats":{"minecraft:custom":{"minecraft:jump":29,"minecraft:time_since_rest":2623,"minecraft:damage_dealt":10,"minecraft:walk_on_water_one_cm":121,"minecraft:sprint_one_cm":3035,"minecraft:play_time":2623,"minecraft:damage_taken":50,"minecraft:time_since_death":2623,"minecraft:walk_one_cm":6584,"minecraft:total_world_time":2623,"minecraft:mob_kills":1,"minecraft:fall_one_cm":1916,"minecraft:fly_one_cm":2065},"minecraft:used":{"alexsmobs:animal_dictionary":1},"minecraft:killed":{"luminousworld:rusty_page":1}},"DataVersion":3465}