{"stats":{"minecraft:custom":{"minecraft:time_since_rest":3625,"minecraft:sprint_one_cm":306725,"minecraft:damage_taken":3319,"minecraft:walk_one_cm":179648,"minecraft:trigger_trapped_chest":1,"minecraft:mob_kills":3,"minecraft:drop":10,"minecraft:damage_dealt":537,"minecraft:swim_one_cm":23876,"minecraft:interact_with_crafting_table":4,"minecraft:fly_one_cm":258000,"minecraft:crouch_one_cm":193,"minecraft:play_time":78783,"tombstone:undead_killed":1,"minecraft:deaths":9,"minecraft:sneak_time":114,"minecraft:walk_under_water_one_cm":5383,"minecraft:jump":1400,"minecraft:leave_game":2,"minecraft:time_since_death":3855,"minecraft:walk_on_water_one_cm":31369,"minecraft:sleep_in_bed":1,"minecraft:climb_one_cm":886,"minecraft:total_world_time":78783,"minecraft:fall_one_cm":30570},"minecraft:used":{"minecraft:beetroot":12,"minecraft:wooden_axe":26,"minecraft:birch_planks":114,"minecraft:wooden_pickaxe":54,"minecraft:rotten_flesh":3,"naturalist:duck_egg":2,"minecraft:stone_axe":22,"minecraft:white_wool":1,"minecraft:cobblestone":7,"minecraft:crafting_table":2,"alexsmobs:animal_dictionary":1},"minecraft:mined":{"luminousworld:white_petunias":1,"minecraft:birch_planks":6,"luminousworld:grassvariant_4":1,"minecraft:birch_log":32,"minecraft:dark_oak_log":39,"minecraft:birch_leaves":2,"minecraft:crafting_table":2,"minecraft:grass":1,"minecraft:vine":1,"luminousworld:grassvariant_2":1,"luminousworld:grassvariant_3":1,"luminousworld:clovers_2":1,"minecraft:cobblestone":1,"luminousworld:groundpebbles_2":1,"minecraft:stone":45,"minecraft:oak_leaves":1},"minecraft:crafted":{"minecraft:wooden_sword":1,"minecraft:crafting_table":2,"minecraft:stick":16,"minecraft:wooden_pickaxe":2,"minecraft:dark_oak_wood":3,"minecraft:stone_pickaxe":1,"minecraft:wooden_axe":2,"minecraft:dark_oak_planks":28,"minecraft:birch_planks":116,"minecraft:stone_axe":1},"minecraft:killed_by":{"luminousworld:dark_oak_skeleton":1,"iceandfire:ghost":3,"undead_revamp2:the_moonflower":2,"minecraft:zombie":1,"born_in_chaos_v1:corpse_fish":1},"minecraft:picked_up":{"minecraft:birch_log":31,"minecraft:crafting_table":2,"luminousworld:clovers_1":1,"minecraft:birch_planks":6,"tombstone:grave_key":4,"minecraft:chainmail_chestplate":1,"minecraft:dark_oak_log":39,"naturalist:duck_egg":3,"minecraft:arrow":1,"minecraft:bone":2,"minecraft:rotten_flesh":4,"minecraft:beetroot":12,"luminousworld:white_petunias":1,"minecraft:mutton":1,"minecraft:white_wool":1,"minecraft:cobblestone":46},"minecraft:dropped":{"tombstone:grave_key":10},"minecraft:killed":{"minecraft:sheep":1,"minecraft:zombie":1,"luminousworld:rusty_page":1}},"DataVersion":3465}