{"stats":{"minecraft:custom":{"minecraft:mob_kills":3,"minecraft:interact_with_crafting_table":6,"minecraft:leave_game":2,"minecraft:time_since_death":7631,"minecraft:sleep_in_bed":1,"minecraft:climb_one_cm":886,"minecraft:time_since_rest":7431,"minecraft:sprint_one_cm":325919,"minecraft:damage_taken":3556,"minecraft:walk_one_cm":234639,"minecraft:trigger_trapped_chest":1,"minecraft:drop":11,"minecraft:damage_dealt":547,"minecraft:swim_one_cm":23876,"minecraft:fly_one_cm":272468,"minecraft:crouch_one_cm":193,"minecraft:play_time":90783,"tombstone:undead_killed":1,"minecraft:deaths":10,"minecraft:sneak_time":114,"minecraft:walk_under_water_one_cm":5383,"minecraft:jump":1501,"minecraft:walk_on_water_one_cm":31369,"minecraft:total_world_time":90783,"minecraft:fall_one_cm":32244},"minecraft:used":{"minecraft:beetroot":12,"minecraft:birch_planks":186,"minecraft:stone_pickaxe":75,"minecraft:wooden_pickaxe":54,"minecraft:rotten_flesh":3,"naturalist:duck_egg":2,"minecraft:white_wool":1,"minecraft:crafting_table":2,"minecraft:wooden_axe":26,"minecraft:stone_axe":57,"minecraft:cobblestone":14,"alexsmobs:animal_dictionary":1,"minecraft:birch_stairs":23},"minecraft:mined":{"luminousworld:white_petunias":1,"minecraft:birch_stairs":3,"luminousworld:grassvariant_4":2,"minecraft:dark_oak_log":39,"minecraft:crafting_table":2,"luminousworld:grassvariant_2":2,"luminousworld:clovers_2":1,"minecraft:copper_ore":2,"minecraft:cobblestone":2,"minecraft:birch_planks":7,"minecraft:birch_log":59,"minecraft:birch_leaves":2,"minecraft:grass":3,"minecraft:vine":1,"luminousworld:grassvariant_3":2,"luminousworld:groundpebbles_2":1,"minecraft:stone":117,"minecraft:oak_leaves":1},"minecraft:crafted":{"minecraft:wooden_sword":1,"minecraft:crafting_table":2,"minecraft:dark_oak_wood":3,"minecraft:wooden_pickaxe":2,"minecraft:birch_planks":220,"minecraft:stone_axe":1,"minecraft:stick":16,"minecraft:stone_pickaxe":1,"minecraft:wooden_axe":2,"minecraft:dark_oak_planks":28,"minecraft:birch_stairs":20},"minecraft:killed_by":{"luminousworld:dark_oak_skeleton":1,"enemyexpansion:sprinter":1,"undead_revamp2:the_moonflower":2,"minecraft:zombie":1,"born_in_chaos_v1:corpse_fish":1,"iceandfire:ghost":3},"minecraft:picked_up":{"minecraft:birch_log":57,"minecraft:crafting_table":2,"minecraft:wooden_pickaxe":1,"minecraft:birch_planks":7,"minecraft:chainmail_chestplate":1,"tombstone:grave_key":4,"minecraft:raw_copper":5,"minecraft:bone":2,"minecraft:beetroot":12,"minecraft:wheat_seeds":1,"luminousworld:white_petunias":1,"minecraft:stick":1,"luminousworld:clovers_1":1,"minecraft:birch_stairs":3,"minecraft:dark_oak_log":39,"naturalist:duck_egg":3,"minecraft:arrow":1,"minecraft:rotten_flesh":4,"minecraft:mutton":1,"minecraft:white_wool":1,"minecraft:cobblestone":119},"minecraft:dropped":{"minecraft:stick":1,"tombstone:grave_key":10},"minecraft:killed":{"luminousworld:rusty_page":1,"minecraft:sheep":1,"minecraft:zombie":1}},"DataVersion":3465}