{"stats":{"minecraft:custom":{"minecraft:time_since_rest":1,"minecraft:sprint_one_cm":139475,"minecraft:damage_taken":1370,"minecraft:walk_one_cm":47459,"minecraft:trigger_trapped_chest":1,"minecraft:mob_kills":1,"minecraft:drop":4,"minecraft:damage_dealt":244,"minecraft:swim_one_cm":9164,"minecraft:interact_with_crafting_table":2,"minecraft:fly_one_cm":123268,"minecraft:crouch_one_cm":193,"minecraft:play_time":26333,"minecraft:deaths":5,"minecraft:sneak_time":114,"minecraft:walk_under_water_one_cm":5038,"minecraft:jump":590,"minecraft:leave_game":1,"minecraft:walk_on_water_one_cm":24808,"minecraft:time_since_death":1517,"minecraft:total_world_time":26333,"minecraft:fall_one_cm":7433},"minecraft:used":{"minecraft:wooden_axe":26,"minecraft:rotten_flesh":3,"naturalist:duck_egg":2,"minecraft:crafting_table":2,"alexsmobs:animal_dictionary":1},"minecraft:mined":{"luminousworld:white_petunias":1,"minecraft:birch_log":2,"minecraft:dark_oak_log":28,"minecraft:birch_leaves":1,"minecraft:crafting_table":2,"minecraft:vine":1,"luminousworld:grassvariant_2":1},"minecraft:crafted":{"minecraft:wooden_sword":1,"minecraft:crafting_table":2,"minecraft:stick":8,"minecraft:wooden_pickaxe":1,"minecraft:dark_oak_wood":3,"minecraft:wooden_axe":2,"minecraft:dark_oak_planks":28},"minecraft:killed_by":{"iceandfire:ghost":3,"minecraft:zombie":1,"born_in_chaos_v1:corpse_fish":1},"minecraft:picked_up":{"minecraft:birch_log":2,"minecraft:crafting_table":2,"tombstone:grave_key":1,"minecraft:dark_oak_log":28,"naturalist:duck_egg":2,"minecraft:rotten_flesh":3,"luminousworld:white_petunias":1},"minecraft:dropped":{"tombstone:grave_key":4},"minecraft:killed":{"luminousworld:rusty_page":1}},"DataVersion":3465}