{"stats":{"minecraft:broken":{"minecraft:stone_axe":1},"minecraft:picked_up":{"minecraft:birch_log":6,"born_in_chaos_v1:corpse_maggot":2,"minecraft:crafting_table":1,"minecraft:coarse_dirt":2,"minecraft:feather":1,"minecraft:chicken":5,"minecraft:prismarine_shard":2,"minecraft:leather":11,"minecraft:wither_rose":1,"supplementaries:flax_seeds":2,"minecraft:oak_log":1,"minecraft:chain":1,"iceandfire:ectoplasm":1,"minecraft:gunpowder":4,"minecraft:lapis_lazuli":58,"iceandfire:manuscript":1,"minecraft:dirt":17,"born_in_chaos_v1:intoxicating_decoction":2,"minecraft:bone":10,"iceandfire:graveyard_soil":8,"minecraft:gold_nugget":21,"minecraft:cobbled_deepslate":3,"earthmobsmod:fancy_feather":1,"minecraft:beef":18,"minecraft:cooked_chicken":1,"minecraft:cobweb":2,"minecraft:stick":1,"minecraft:raw_iron":24,"iceandfire:ghost_chest":1,"ecologics:coconut_slice":2,"minecraft:copper_ingot":1,"minecraft:torch":10,"born_in_chaos_v1:ethereal_spirit":1,"iceandfire:shiny_scales":1,"minecraft:porkchop":3,"minecraft:cookie":1,"minecraft:dark_oak_log":5,"minecraft:rotten_flesh":10,"minecraft:diamond":4,"minecraft:skeleton_skull":2,"minecraft:mutton":11,"minecraft:iron_bars":1,"minecraft:coal":10,"minecraft:white_wool":6,"iceandfire:raw_silver":10,"minecraft:cobblestone":52},"minecraft:used":{"minecraft:stone_pickaxe":60,"minecraft:wooden_pickaxe":6,"minecraft:cooked_chicken":1,"minecraft:rotten_flesh":3,"minecraft:cookie":1,"minecraft:torch":5,"minecraft:soul_sand":1,"minecraft:dirt":14,"minecraft:mutton":11,"minecraft:crafting_table":4,"minecraft:white_bed":1,"born_in_chaos_v1:corpse_maggot":2,"minecraft:dark_oak_planks":2,"minecraft:chicken":5,"iceandfire:graveyard_soil":1,"minecraft:stone_axe":91,"ecologics:coconut_slice":2,"minecraft:cobblestone":13,"minecraft:beef":18,"tombstone:gift":2,"minecraft:coarse_dirt":2,"luminousworld:clovers_1":1,"minecraft:golden_pickaxe":36,"minecraft:golden_axe":4},"minecraft:mined":{"iceandfire:graveyard_soil":1,"iceandfire:silver_ore":5,"minecraft:deepslate_diamond_ore":2,"minecraft:dark_oak_leaves":1,"luminousworld:grassvariant_4":1,"minecraft:sculk_vein":1,"minecraft:dark_oak_log":5,"minecraft:powder_snow":14,"minecraft:crafting_table":1,"minecraft:glow_lichen":1,"minecraft:granite":1,"minecraft:grass_block":9,"iceandfire:ghost_chest":1,"luminousworld:grassvariant_2":2,"minecraft:tall_grass":1,"minecraft:lapis_ore":1,"supplementaries:urn":3,"minecraft:skeleton_skull":1,"minecraft:coarse_dirt":2,"minecraft:birch_log":6,"minecraft:iron_ore":5,"minecraft:birch_leaves":4,"minecraft:deepslate_lapis_ore":4,"minecraft:wither_rose":1,"minecraft:grass":2,"minecraft:deepslate_iron_ore":9,"minecraft:coal_ore":8,"minecraft:vine":2,"minecraft:iron_bars":1,"minecraft:dirt":11,"luminousworld:grassvariant_3":4,"minecraft:deepslate":3,"minecraft:stone":53,"minecraft:oak_leaves":3},"minecraft:dropped":{"alexsmobs:animal_dictionary":1,"supplementaries:flax_seeds":2,"ecologics:coconut_husk":2,"minecraft:wooden_pickaxe":2},"minecraft:custom":{"minecraft:mob_kills":40,"minecraft:interact_with_crafting_table":9,"minecraft:open_barrel":3,"minecraft:eat_cake_slice":3,"minecraft:leave_game":3,"minecraft:time_since_death":4855,"minecraft:sleep_in_bed":3,"minecraft:climb_one_cm":768,"minecraft:time_since_rest":2950,"minecraft:sprint_one_cm":393563,"minecraft:damage_taken":2863,"minecraft:walk_one_cm":118658,"minecraft:trigger_trapped_chest":2,"minecraft:drop":5,"minecraft:damage_dealt":7043,"minecraft:swim_one_cm":36809,"minecraft:talked_to_villager":8,"minecraft:fly_one_cm":629091,"minecraft:open_chest":1,"minecraft:crouch_one_cm":6238,"minecraft:play_time":72258,"tombstone:undead_killed":9,"minecraft:deaths":9,"minecraft:sneak_time":2245,"minecraft:walk_under_water_one_cm":3517,"minecraft:jump":2892,"minecraft:walk_on_water_one_cm":34013,"minecraft:total_world_time":72258,"minecraft:interact_with_smoker":2,"minecraft:fall_one_cm":64958},"minecraft:crafted":{"minecraft:oak_planks":4,"minecraft:crafting_table":3,"minecraft:wooden_pickaxe":2,"minecraft:birch_planks":24,"minecraft:stone_axe":2,"minecraft:stick":20,"minecraft:stone_pickaxe":2,"minecraft:white_bed":1,"minecraft:dark_oak_planks":20,"minecraft:torch":20},"minecraft:killed":{"born_in_chaos_v1:zombie_clown":1,"minecraft:pig":1,"born_in_chaos_v1:restless_spirit":1,"minecraft:creeper":3,"minecraft:sheep":7,"iceandfire:ghost":2,"luminousworld:dark_oak_skeleton":3,"iceandfire:siren":1,"luminousworld:buckeye":1,"minecraft:chicken":2,"born_in_chaos_v1:corpse_fly":3,"earthmobsmod:fancy_chicken":3,"undead_revamp2:thebidy":1,"undead_revamp2:therod":1,"enemyexpansion:slugger":1,"minecraft:cow":8},"minecraft:killed_by":{"undead_revamp2:therod":1,"iceandfire:siren":1,"minecraft:zombie":1,"alexsmobs:grizzly_bear":1,"enemyexpansion:direwolf":3,"iceandfire:ghost":2}},"DataVersion":3465}