{"stats":{"minecraft:picked_up":{"minecraft:crafting_table":1,"minecraft:feather":1,"minecraft:chicken":2,"minecraft:leather":6,"minecraft:porkchop":3,"minecraft:dark_oak_log":5,"minecraft:dirt":1,"born_in_chaos_v1:intoxicating_decoction":2,"minecraft:rotten_flesh":3,"minecraft:beef":11,"minecraft:mutton":7,"minecraft:white_wool":3,"minecraft:cobblestone":10},"minecraft:used":{"minecraft:chicken":2,"minecraft:stone_pickaxe":7,"minecraft:wooden_pickaxe":3,"minecraft:stone_axe":26,"minecraft:dirt":1,"minecraft:mutton":7,"minecraft:beef":5,"minecraft:crafting_table":1,"tombstone:gift":1},"minecraft:mined":{"minecraft:dark_oak_log":5,"minecraft:birch_leaves":2,"minecraft:crafting_table":1,"minecraft:grass_block":1,"luminousworld:grassvariant_2":1,"minecraft:stone":10},"minecraft:custom":{"minecraft:time_since_rest":1327,"minecraft:sprint_one_cm":105655,"minecraft:damage_taken":570,"minecraft:walk_one_cm":23848,"minecraft:mob_kills":16,"minecraft:damage_dealt":2289,"minecraft:swim_one_cm":9381,"minecraft:interact_with_crafting_table":4,"minecraft:fly_one_cm":173103,"minecraft:crouch_one_cm":125,"minecraft:play_time":15358,"tombstone:undead_killed":4,"minecraft:deaths":1,"minecraft:sneak_time":39,"minecraft:walk_under_water_one_cm":362,"minecraft:jump":713,"minecraft:walk_on_water_one_cm":3374,"minecraft:time_since_death":2566,"minecraft:climb_one_cm":499,"minecraft:total_world_time":15358,"minecraft:fall_one_cm":19901},"minecraft:crafted":{"minecraft:crafting_table":1,"minecraft:stick":8,"minecraft:wooden_pickaxe":1,"minecraft:stone_pickaxe":1,"minecraft:dark_oak_planks":20,"minecraft:stone_axe":1},"minecraft:killed":{"minecraft:sheep":4,"born_in_chaos_v1:zombie_clown":1,"minecraft:pig":1,"luminousworld:dark_oak_skeleton":3,"luminousworld:buckeye":1,"minecraft:chicken":2,"minecraft:cow":4},"minecraft:killed_by":{"enemyexpansion:direwolf":1}},"DataVersion":3465}