{"stats":{"minecraft:picked_up":{"minecraft:crafting_table":1,"minecraft:feather":1,"minecraft:chicken":5,"minecraft:leather":11,"minecraft:wither_rose":1,"minecraft:oak_log":1,"minecraft:dirt":5,"born_in_chaos_v1:intoxicating_decoction":2,"iceandfire:graveyard_soil":1,"minecraft:beef":18,"earthmobsmod:fancy_feather":1,"minecraft:cooked_chicken":1,"minecraft:stick":1,"ecologics:coconut_slice":2,"minecraft:porkchop":3,"minecraft:cookie":1,"minecraft:dark_oak_log":5,"minecraft:rotten_flesh":3,"minecraft:white_wool":6,"minecraft:mutton":11,"minecraft:iron_bars":1,"minecraft:coal":3,"minecraft:skeleton_skull":1,"minecraft:cobblestone":10},"minecraft:used":{"minecraft:stone_pickaxe":17,"minecraft:wooden_pickaxe":3,"minecraft:cooked_chicken":1,"minecraft:cookie":1,"minecraft:dirt":5,"minecraft:mutton":11,"minecraft:crafting_table":2,"minecraft:white_bed":1,"minecraft:chicken":5,"minecraft:stone_axe":55,"ecologics:coconut_slice":2,"minecraft:beef":18,"tombstone:gift":1},"minecraft:mined":{"iceandfire:graveyard_soil":1,"minecraft:dark_oak_leaves":1,"luminousworld:grassvariant_4":1,"minecraft:dark_oak_log":5,"minecraft:crafting_table":1,"minecraft:grass_block":5,"luminousworld:grassvariant_2":1,"minecraft:tall_grass":1,"minecraft:skeleton_skull":1,"minecraft:birch_leaves":4,"minecraft:wither_rose":1,"minecraft:grass":1,"minecraft:coal_ore":4,"minecraft:vine":1,"minecraft:iron_bars":1,"luminousworld:grassvariant_3":3,"minecraft:stone":10,"minecraft:oak_leaves":1},"minecraft:dropped":{"ecologics:coconut_husk":2,"minecraft:wooden_pickaxe":1},"minecraft:custom":{"minecraft:mob_kills":30,"minecraft:interact_with_crafting_table":5,"minecraft:open_barrel":1,"minecraft:eat_cake_slice":3,"minecraft:time_since_death":1146,"minecraft:sleep_in_bed":3,"minecraft:climb_one_cm":768,"minecraft:time_since_rest":829,"minecraft:sprint_one_cm":237184,"minecraft:damage_taken":1585,"minecraft:walk_one_cm":50398,"minecraft:trigger_trapped_chest":1,"minecraft:drop":2,"minecraft:damage_dealt":4477,"minecraft:swim_one_cm":36809,"minecraft:talked_to_villager":7,"minecraft:fly_one_cm":397163,"minecraft:open_chest":1,"minecraft:crouch_one_cm":962,"minecraft:play_time":39358,"tombstone:undead_killed":7,"minecraft:deaths":4,"minecraft:sneak_time":434,"minecraft:walk_under_water_one_cm":2850,"minecraft:jump":1705,"minecraft:walk_on_water_one_cm":19354,"minecraft:total_world_time":39358,"minecraft:interact_with_smoker":1,"minecraft:fall_one_cm":45789},"minecraft:crafted":{"minecraft:crafting_table":1,"minecraft:wooden_pickaxe":1,"minecraft:stone_axe":1,"minecraft:stick":8,"minecraft:stone_pickaxe":1,"minecraft:white_bed":1,"minecraft:dark_oak_planks":20},"minecraft:killed":{"born_in_chaos_v1:zombie_clown":1,"minecraft:pig":1,"minecraft:creeper":1,"minecraft:sheep":7,"iceandfire:ghost":1,"luminousworld:dark_oak_skeleton":3,"luminousworld:buckeye":1,"minecraft:chicken":2,"earthmobsmod:fancy_chicken":3,"undead_revamp2:thebidy":1,"minecraft:cow":8,"enemyexpansion:slugger":1},"minecraft:killed_by":{"iceandfire:siren":1,"enemyexpansion:direwolf":2,"iceandfire:ghost":1}},"DataVersion":3465}