{"stats":{"minecraft:picked_up":{"minecraft:crafting_table":1,"minecraft:leather":3,"minecraft:beef":6,"minecraft:porkchop":3,"minecraft:dark_oak_log":5,"minecraft:dirt":1,"minecraft:cobblestone":10},"minecraft:used":{"minecraft:stone_axe":4,"minecraft:dirt":1,"minecraft:crafting_table":1,"minecraft:stone_pickaxe":7,"minecraft:wooden_pickaxe":3},"minecraft:mined":{"minecraft:grass_block":1,"minecraft:stone":10,"minecraft:dark_oak_log":5,"minecraft:crafting_table":1},"minecraft:custom":{"minecraft:time_since_rest":3358,"minecraft:crouch_one_cm":74,"minecraft:play_time":3358,"minecraft:sprint_one_cm":12779,"minecraft:walk_one_cm":9134,"minecraft:sneak_time":23,"minecraft:mob_kills":3,"minecraft:jump":70,"minecraft:damage_dealt":300,"minecraft:time_since_death":3358,"minecraft:walk_on_water_one_cm":1463,"minecraft:total_world_time":3358,"minecraft:climb_one_cm":499,"minecraft:interact_with_crafting_table":4,"minecraft:fall_one_cm":1374,"minecraft:fly_one_cm":15415},"minecraft:crafted":{"minecraft:dark_oak_planks":20,"minecraft:stone_axe":1,"minecraft:crafting_table":1,"minecraft:stick":8,"minecraft:stone_pickaxe":1,"minecraft:wooden_pickaxe":1},"minecraft:killed":{"minecraft:pig":1,"minecraft:cow":2}},"DataVersion":3465}