{"stats":{"minecraft:picked_up":{"minecraft:crafting_table":1,"minecraft:feather":1,"minecraft:chicken":2,"ecologics:coconut_slice":2,"minecraft:leather":11,"minecraft:wither_rose":1,"minecraft:porkchop":3,"minecraft:dark_oak_log":5,"minecraft:dirt":2,"born_in_chaos_v1:intoxicating_decoction":2,"iceandfire:graveyard_soil":1,"minecraft:rotten_flesh":3,"minecraft:beef":18,"minecraft:skeleton_skull":1,"minecraft:iron_bars":1,"minecraft:mutton":11,"minecraft:coal":3,"minecraft:white_wool":6,"minecraft:cobblestone":10},"minecraft:used":{"minecraft:chicken":2,"minecraft:stone_pickaxe":17,"minecraft:wooden_pickaxe":3,"ecologics:coconut_slice":2,"minecraft:stone_axe":40,"minecraft:dirt":2,"minecraft:mutton":11,"minecraft:beef":14,"minecraft:crafting_table":1,"tombstone:gift":1},"minecraft:mined":{"minecraft:skeleton_skull":1,"iceandfire:graveyard_soil":1,"minecraft:dark_oak_leaves":1,"minecraft:dark_oak_log":5,"minecraft:birch_leaves":2,"minecraft:wither_rose":1,"minecraft:crafting_table":1,"minecraft:grass":1,"minecraft:grass_block":2,"minecraft:coal_ore":4,"minecraft:vine":1,"minecraft:iron_bars":1,"luminousworld:grassvariant_2":1,"luminousworld:grassvariant_3":1,"minecraft:tall_grass":1,"minecraft:stone":10},"minecraft:custom":{"minecraft:time_since_rest":1,"minecraft:sprint_one_cm":175471,"minecraft:damage_taken":850,"minecraft:walk_one_cm":34760,"minecraft:trigger_trapped_chest":1,"minecraft:mob_kills":24,"minecraft:damage_dealt":3338,"minecraft:swim_one_cm":34467,"minecraft:interact_with_crafting_table":4,"minecraft:fly_one_cm":289836,"minecraft:crouch_one_cm":890,"minecraft:play_time":27358,"tombstone:undead_killed":5,"minecraft:deaths":2,"minecraft:sneak_time":376,"minecraft:walk_under_water_one_cm":790,"minecraft:jump":1241,"minecraft:walk_on_water_one_cm":6490,"minecraft:time_since_death":1900,"minecraft:climb_one_cm":499,"minecraft:total_world_time":27358,"minecraft:fall_one_cm":31797},"minecraft:crafted":{"minecraft:crafting_table":1,"minecraft:stick":8,"minecraft:wooden_pickaxe":1,"minecraft:stone_pickaxe":1,"minecraft:dark_oak_planks":20,"minecraft:stone_axe":1},"minecraft:killed":{"minecraft:sheep":7,"born_in_chaos_v1:zombie_clown":1,"minecraft:pig":1,"luminousworld:dark_oak_skeleton":3,"luminousworld:buckeye":1,"minecraft:chicken":2,"minecraft:cow":8,"enemyexpansion:slugger":1},"minecraft:killed_by":{"enemyexpansion:direwolf":1,"iceandfire:ghost":1}},"DataVersion":3465}