{"stats":{"minecraft:broken":{"minecraft:stone_axe":1},"minecraft:picked_up":{"born_in_chaos_v1:corpse_maggot":2,"minecraft:crafting_table":1,"minecraft:feather":1,"minecraft:chicken":5,"minecraft:prismarine_shard":2,"minecraft:leather":11,"minecraft:wither_rose":1,"minecraft:oak_log":1,"minecraft:chain":1,"minecraft:dirt":5,"born_in_chaos_v1:intoxicating_decoction":2,"iceandfire:graveyard_soil":1,"earthmobsmod:fancy_feather":1,"minecraft:beef":18,"minecraft:cooked_chicken":1,"minecraft:stick":1,"minecraft:raw_iron":5,"ecologics:coconut_slice":2,"born_in_chaos_v1:ethereal_spirit":1,"iceandfire:shiny_scales":1,"minecraft:porkchop":3,"minecraft:cookie":1,"minecraft:dark_oak_log":5,"minecraft:rotten_flesh":3,"minecraft:skeleton_skull":1,"minecraft:mutton":11,"minecraft:iron_bars":1,"minecraft:coal":9,"minecraft:white_wool":6,"iceandfire:raw_silver":10,"minecraft:cobblestone":10},"minecraft:used":{"minecraft:stone_pickaxe":22,"minecraft:wooden_pickaxe":3,"minecraft:cooked_chicken":1,"minecraft:rotten_flesh":3,"minecraft:cookie":1,"minecraft:torch":1,"minecraft:soul_sand":1,"minecraft:dirt":5,"minecraft:mutton":11,"minecraft:crafting_table":3,"minecraft:white_bed":1,"born_in_chaos_v1:corpse_maggot":2,"minecraft:chicken":5,"minecraft:stone_axe":73,"ecologics:coconut_slice":2,"minecraft:cobblestone":1,"minecraft:beef":18,"tombstone:gift":2,"minecraft:golden_pickaxe":10,"minecraft:golden_axe":4},"minecraft:mined":{"iceandfire:graveyard_soil":1,"iceandfire:silver_ore":5,"minecraft:dark_oak_leaves":1,"luminousworld:grassvariant_4":1,"minecraft:dark_oak_log":5,"minecraft:crafting_table":1,"minecraft:grass_block":5,"luminousworld:grassvariant_2":2,"minecraft:tall_grass":1,"minecraft:skeleton_skull":1,"minecraft:iron_ore":5,"minecraft:birch_leaves":4,"minecraft:wither_rose":1,"minecraft:grass":1,"minecraft:coal_ore":8,"minecraft:vine":1,"minecraft:iron_bars":1,"luminousworld:grassvariant_3":4,"minecraft:stone":10,"minecraft:oak_leaves":3},"minecraft:dropped":{"ecologics:coconut_husk":2,"minecraft:wooden_pickaxe":1},"minecraft:custom":{"minecraft:mob_kills":35,"minecraft:interact_with_crafting_table":6,"minecraft:open_barrel":3,"minecraft:eat_cake_slice":3,"minecraft:leave_game":2,"minecraft:time_since_death":1668,"minecraft:sleep_in_bed":3,"minecraft:climb_one_cm":768,"minecraft:time_since_rest":1,"minecraft:sprint_one_cm":306692,"minecraft:damage_taken":2365,"minecraft:walk_one_cm":72158,"minecraft:trigger_trapped_chest":1,"minecraft:drop":2,"minecraft:damage_dealt":6051,"minecraft:swim_one_cm":36809,"minecraft:talked_to_villager":8,"minecraft:fly_one_cm":521265,"minecraft:open_chest":1,"minecraft:crouch_one_cm":2617,"minecraft:play_time":51309,"tombstone:undead_killed":7,"minecraft:deaths":7,"minecraft:sneak_time":855,"minecraft:walk_under_water_one_cm":3017,"minecraft:jump":2189,"minecraft:walk_on_water_one_cm":28550,"minecraft:interact_with_smoker":2,"minecraft:total_world_time":51309,"minecraft:fall_one_cm":54828},"minecraft:crafted":{"minecraft:oak_planks":4,"minecraft:crafting_table":2,"minecraft:wooden_pickaxe":1,"minecraft:stone_axe":2,"minecraft:stick":8,"minecraft:stone_pickaxe":1,"minecraft:white_bed":1,"minecraft:dark_oak_planks":20,"minecraft:torch":4},"minecraft:killed":{"born_in_chaos_v1:zombie_clown":1,"minecraft:pig":1,"born_in_chaos_v1:restless_spirit":1,"minecraft:creeper":1,"minecraft:sheep":7,"iceandfire:ghost":1,"luminousworld:dark_oak_skeleton":3,"iceandfire:siren":1,"luminousworld:buckeye":1,"minecraft:chicken":2,"born_in_chaos_v1:corpse_fly":3,"earthmobsmod:fancy_chicken":3,"undead_revamp2:thebidy":1,"enemyexpansion:slugger":1,"minecraft:cow":8},"minecraft:killed_by":{"undead_revamp2:therod":1,"iceandfire:siren":1,"minecraft:zombie":1,"alexsmobs:grizzly_bear":1,"enemyexpansion:direwolf":2,"iceandfire:ghost":1}},"DataVersion":3465}