{"stats":{"minecraft:broken":{"minecraft:stone_axe":1},"minecraft:picked_up":{"minecraft:coarse_dirt":2,"minecraft:crafting_table":1,"minecraft:chicken":5,"minecraft:prismarine_shard":2,"minecraft:wither_rose":1,"minecraft:enchanted_book":1,"minecraft:chain":1,"iceandfire:manuscript":1,"minecraft:raw_copper":11,"born_in_chaos_v1:intoxicating_decoction":2,"iceandfire:graveyard_soil":8,"minecraft:gold_nugget":21,"minecraft:cobbled_deepslate":6,"minecraft:beef":18,"minecraft:birch_sapling":2,"minecraft:stick":5,"minecraft:raw_iron":25,"iceandfire:ghost_chest":1,"ecologics:coconut_slice":2,"minecraft:copper_ingot":1,"minecraft:torch":10,"minecraft:porkchop":3,"minecraft:cookie":1,"minecraft:diorite":6,"minecraft:rotten_flesh":10,"minecraft:mutton":11,"minecraft:iron_bars":1,"minecraft:skeleton_skull":2,"minecraft:white_wool":6,"minecraft:cobblestone":198,"minecraft:birch_log":14,"born_in_chaos_v1:corpse_maggot":2,"minecraft:feather":1,"luminousworld:ishstone":3,"minecraft:leather":11,"minecraft:flint":1,"minecraft:oak_log":1,"iceandfire:ectoplasm":1,"supplementaries:flax_seeds":2,"minecraft:gunpowder":4,"minecraft:lapis_lazuli":58,"minecraft:dirt":25,"minecraft:bone":10,"minecraft:cooked_chicken":1,"earthmobsmod:fancy_feather":1,"minecraft:cobweb":2,"born_in_chaos_v1:ethereal_spirit":1,"minecraft:gravel":4,"iceandfire:shiny_scales":1,"minecraft:dark_oak_log":5,"minecraft:diamond":4,"minecraft:granite":30,"minecraft:coal":12,"iceandfire:raw_silver":10},"minecraft:used":{"minecraft:cooked_chicken":1,"minecraft:rotten_flesh":3,"minecraft:torch":5,"minecraft:dirt":14,"minecraft:soul_sand":1,"minecraft:mutton":11,"minecraft:granite":30,"born_in_chaos_v1:corpse_maggot":2,"minecraft:dark_oak_planks":2,"minecraft:birch_sapling":1,"minecraft:beef":18,"tombstone:gift":4,"luminousworld:clovers_1":1,"minecraft:golden_axe":4,"minecraft:birch_planks":6,"minecraft:stone_pickaxe":261,"minecraft:wooden_pickaxe":10,"minecraft:cookie":1,"minecraft:crafting_table":7,"minecraft:white_bed":1,"minecraft:chicken":5,"iceandfire:graveyard_soil":1,"minecraft:stone_axe":107,"ecologics:coconut_slice":2,"minecraft:cobblestone":33,"minecraft:coarse_dirt":2,"minecraft:golden_pickaxe":36},"minecraft:mined":{"iceandfire:graveyard_soil":1,"iceandfire:silver_ore":5,"luminousworld:grassvariant_4":1,"minecraft:dark_oak_leaves":1,"minecraft:deepslate_diamond_ore":2,"minecraft:sculk_vein":1,"minecraft:dark_oak_log":5,"minecraft:glow_lichen":1,"minecraft:granite":31,"minecraft:grass_block":10,"luminousworld:grassvariant_2":3,"minecraft:iron_ore":6,"minecraft:deepslate_lapis_ore":4,"minecraft:vine":2,"minecraft:deepslate_iron_ore":9,"minecraft:iron_bars":1,"minecraft:stone":197,"minecraft:powder_snow":14,"minecraft:crafting_table":1,"iceandfire:ghost_chest":1,"minecraft:tall_grass":1,"minecraft:copper_ore":4,"minecraft:lapis_ore":1,"minecraft:diorite":6,"minecraft:skeleton_skull":1,"supplementaries:urn":3,"minecraft:coarse_dirt":2,"minecraft:birch_log":14,"minecraft:birch_leaves":21,"minecraft:wither_rose":1,"minecraft:grass":2,"minecraft:coal_ore":10,"luminousworld:ishstone":3,"minecraft:gravel":5,"minecraft:dirt":19,"luminousworld:grassvariant_3":4,"minecraft:oak_leaves":3,"minecraft:deepslate":6},"minecraft:dropped":{"luminousworld:ishstone":2,"alexsmobs:animal_dictionary":1,"minecraft:birch_sapling":1,"supplementaries:flax_seeds":2,"ecologics:coconut_husk":2,"minecraft:iron_bars":1,"minecraft:wooden_pickaxe":2},"minecraft:custom":{"minecraft:mob_kills":42,"minecraft:interact_with_crafting_table":12,"minecraft:open_barrel":3,"minecraft:eat_cake_slice":3,"minecraft:leave_game":4,"minecraft:time_since_death":2057,"minecraft:climb_one_cm":768,"minecraft:sprint_one_cm":465425,"minecraft:walk_one_cm":142433,"minecraft:drop":8,"minecraft:talked_to_villager":8,"minecraft:play_time":95166,"minecraft:deaths":12,"minecraft:sneak_time":6927,"minecraft:walk_under_water_one_cm":3753,"minecraft:jump":3533,"minecraft:walk_on_water_one_cm":36854,"minecraft:total_world_time":95166,"minecraft:sleep_in_bed":3,"minecraft:time_since_rest":1,"minecraft:damage_taken":3590,"minecraft:trigger_trapped_chest":2,"minecraft:damage_dealt":8676,"minecraft:swim_one_cm":38605,"minecraft:fly_one_cm":740923,"minecraft:open_chest":1,"minecraft:crouch_one_cm":16376,"tombstone:undead_killed":11,"minecraft:interact_with_smoker":2,"minecraft:fall_one_cm":75896},"minecraft:crafted":{"minecraft:oak_planks":4,"minecraft:stone_pickaxe":3,"minecraft:dark_oak_planks":20,"minecraft:crafting_table":6,"minecraft:wooden_pickaxe":3,"minecraft:birch_planks":56,"minecraft:stone_axe":2,"minecraft:stick":24,"minecraft:white_bed":1,"minecraft:torch":20},"minecraft:killed":{"born_in_chaos_v1:zombie_clown":1,"born_in_chaos_v1:restless_spirit":1,"born_in_chaos_v1:zombie_bruiser":1,"luminousworld:dark_oak_skeleton":3,"iceandfire:siren":1,"minecraft:chicken":2,"earthmobsmod:fancy_chicken":3,"undead_revamp2:thebidy":1,"undead_revamp2:therod":1,"minecraft:pig":1,"minecraft:creeper":3,"minecraft:sheep":7,"iceandfire:ghost":2,"enemyexpansion:vampire":1,"luminousworld:buckeye":1,"born_in_chaos_v1:corpse_fly":3,"minecraft:cow":8,"enemyexpansion:slugger":1},"minecraft:killed_by":{"iceandfire:siren":1,"undead_revamp2:thespitter":1,"undead_revamp2:therod":1,"minecraft:zombie":1,"alexsmobs:grizzly_bear":1,"enemyexpansion:direwolf":3,"iceandfire:ghost":2,"enemyexpansion:vampflyer":1}},"DataVersion":3465}