{"stats":{"minecraft:picked_up":{"minecraft:crafting_table":1,"minecraft:iron_axe":1,"minecraft:spruce_planks":4,"minecraft:iron_ingot":5,"minecraft:rose_bush":3,"minecraft:book":61,"minecraft:dark_oak_sapling":1,"tombstone:grave_dust":3,"minecraft:dark_oak_log":8,"minecraft:arrow":4,"minecraft:rotten_flesh":1,"minecraft:emerald":1,"tombstone:magic_scroll":1,"minecraft:bricks":2,"minecraft:cobblestone":18},"minecraft:used":{"minecraft:shield":13,"minecraft:wooden_pickaxe":21,"minecraft:iron_sword":85,"minecraft:golden_apple":1,"minecraft:crafting_table":2,"minecraft:dark_oak_planks":11,"minecraft:iron_axe":26,"minecraft:bread":12,"minecraft:iron_pickaxe":15,"minecraft:stone_axe":1,"minecraft:cobblestone":8,"tombstone:gift":3,"alexsmobs:animal_dictionary":7},"minecraft:mined":{"minecraft:spruce_planks":5,"minecraft:dark_oak_leaves":3,"minecraft:dark_oak_log":8,"minecraft:orange_wool":1,"minecraft:polished_granite":1,"minecraft:crafting_table":1,"minecraft:dark_oak_fence":1,"minecraft:rose_bush":3,"luminousworld:grassvariant_2":3,"minecraft:spawner":4,"minecraft:red_terracotta":9,"minecraft:birch_leaves":1,"minecraft:grass":3,"minecraft:bookshelf":20,"illagerinvasion:magic_fire":3,"luminousworld:grassvariant_3":1,"minecraft:stone":18},"minecraft:dropped":{"minecraft:stone_sword":1,"minecraft:dark_oak_sapling":1,"minecraft:rotten_flesh":1,"minecraft:rose_bush":3,"tombstone:grave_dust":1},"minecraft:custom":{"minecraft:mob_kills":14,"tombstone:raider_killed":2,"minecraft:interact_with_crafting_table":6,"minecraft:open_barrel":17,"minecraft:leave_game":2,"minecraft:time_since_death":16184,"minecraft:climb_one_cm":22841,"minecraft:time_since_rest":14167,"minecraft:damage_absorbed":40,"minecraft:sprint_one_cm":126841,"minecraft:damage_taken":2004,"minecraft:walk_one_cm":91706,"minecraft:damage_blocked_by_shield":380,"minecraft:drop":5,"minecraft:damage_dealt":4177,"minecraft:swim_one_cm":1239,"minecraft:fly_one_cm":208850,"minecraft:open_chest":6,"minecraft:crouch_one_cm":3544,"minecraft:play_time":39009,"tombstone:undead_killed":12,"minecraft:deaths":5,"minecraft:sneak_time":884,"minecraft:walk_under_water_one_cm":320,"minecraft:jump":1203,"minecraft:walk_on_water_one_cm":8114,"minecraft:total_world_time":39009,"minecraft:fall_one_cm":25705},"minecraft:crafted":{"minecraft:crafting_table":1,"minecraft:wooden_pickaxe":1,"minecraft:iron_helmet":1,"minecraft:iron_sword":1,"minecraft:stone_axe":1,"minecraft:iron_boots":1,"minecraft:iron_chestplate":1,"minecraft:shield":1,"minecraft:iron_axe":1,"minecraft:stick":16,"minecraft:iron_pickaxe":1,"minecraft:stone_pickaxe":1,"minecraft:stone_sword":1,"minecraft:iron_leggings":1,"minecraft:dark_oak_planks":32},"minecraft:killed":{"undead_revamp2:the_moonflower":4,"minecraft:vindicator":2,"minecraft:skeleton":4,"luminousworld:dark_oak_skeleton":1,"luminousworld:dark_oak_zombie":3},"minecraft:killed_by":{"minecraft:skeleton":2,"minecraft:witch":3}},"DataVersion":3465}