{"stats":{"minecraft:picked_up":{"minecraft:dark_oak_log":8,"minecraft:cobblestone":10},"minecraft:used":{"minecraft:wooden_pickaxe":15,"minecraft:crafting_table":1},"minecraft:mined":{"minecraft:stone":13,"minecraft:dark_oak_log":8,"minecraft:dark_oak_leaves":1,"luminousworld:grassvariant_2":1,"luminousworld:grassvariant_3":1},"minecraft:custom":{"minecraft:jump":23,"minecraft:time_since_rest":3338,"minecraft:sprint_one_cm":4464,"minecraft:leave_game":1,"minecraft:play_time":3338,"minecraft:time_since_death":3338,"minecraft:walk_one_cm":5667,"minecraft:total_world_time":3338,"minecraft:interact_with_crafting_table":1,"minecraft:fall_one_cm":267,"minecraft:fly_one_cm":3196},"minecraft:crafted":{"minecraft:dark_oak_planks":32,"minecraft:crafting_table":1,"minecraft:stick":8,"minecraft:wooden_pickaxe":1}},"DataVersion":3465}