{"stats":{"minecraft:used":{"minecraft:wooden_axe":2,"minecraft:crafting_table":1},"minecraft:picked_up":{"minecraft:stick":6,"minecraft:acacia_log":4},"minecraft:custom":{"minecraft:jump":79,"minecraft:time_since_rest":7215,"minecraft:leave_game":1,"minecraft:damage_dealt":15,"minecraft:sprint_one_cm":5253,"minecraft:play_time":7215,"minecraft:damage_taken":80,"minecraft:time_since_death":7215,"minecraft:walk_one_cm":3656,"minecraft:total_world_time":7215,"minecraft:interact_with_crafting_table":1,"minecraft:fall_one_cm":3980,"minecraft:fly_one_cm":16822},"minecraft:mined":{"minecraft:acacia_log":4,"minecraft:dead_bush":6},"minecraft:crafted":{"minecraft:crafting_table":1,"minecraft:wooden_axe":1,"minecraft:acacia_planks":8}},"DataVersion":3953}