{"stats":{"minecraft:picked_up":{"minecraft:book":61,"minecraft:crafting_table":1,"tombstone:grave_dust":2,"minecraft:dark_oak_log":8,"minecraft:arrow":4,"minecraft:rotten_flesh":1,"minecraft:spruce_planks":4,"minecraft:iron_ingot":5,"minecraft:rose_bush":3,"tombstone:magic_scroll":1,"minecraft:bricks":2,"minecraft:cobblestone":18},"minecraft:used":{"minecraft:dark_oak_planks":11,"minecraft:iron_axe":26,"minecraft:bread":3,"minecraft:iron_pickaxe":15,"minecraft:wooden_pickaxe":21,"minecraft:shield":13,"minecraft:iron_sword":38,"minecraft:stone_axe":1,"minecraft:cobblestone":8,"minecraft:crafting_table":2,"alexsmobs:animal_dictionary":7,"tombstone:gift":2},"minecraft:mined":{"minecraft:red_terracotta":9,"minecraft:spruce_planks":5,"minecraft:dark_oak_leaves":1,"minecraft:dark_oak_log":8,"minecraft:birch_leaves":1,"minecraft:polished_granite":1,"minecraft:crafting_table":1,"minecraft:dark_oak_fence":1,"minecraft:grass":1,"minecraft:bookshelf":20,"minecraft:rose_bush":3,"luminousworld:grassvariant_2":1,"luminousworld:grassvariant_3":1,"minecraft:stone":18,"minecraft:spawner":4},"minecraft:dropped":{"minecraft:rose_bush":3,"minecraft:rotten_flesh":1},"minecraft:custom":{"minecraft:time_since_rest":2167,"minecraft:sprint_one_cm":78832,"minecraft:damage_taken":1513,"minecraft:walk_one_cm":66922,"minecraft:damage_blocked_by_shield":380,"minecraft:mob_kills":6,"minecraft:drop":2,"minecraft:damage_dealt":2014,"minecraft:interact_with_crafting_table":6,"minecraft:fly_one_cm":113976,"minecraft:open_chest":3,"minecraft:open_barrel":17,"minecraft:crouch_one_cm":3031,"minecraft:play_time":27009,"tombstone:undead_killed":6,"minecraft:deaths":5,"minecraft:sneak_time":677,"minecraft:jump":638,"minecraft:leave_game":2,"minecraft:time_since_death":4184,"minecraft:walk_on_water_one_cm":5963,"minecraft:total_world_time":27009,"minecraft:climb_one_cm":21122,"minecraft:fall_one_cm":9573},"minecraft:crafted":{"minecraft:iron_boots":1,"minecraft:iron_chestplate":1,"minecraft:shield":1,"minecraft:iron_axe":1,"minecraft:crafting_table":1,"minecraft:stick":16,"minecraft:wooden_pickaxe":1,"minecraft:iron_helmet":1,"minecraft:iron_pickaxe":1,"minecraft:stone_pickaxe":1,"minecraft:stone_sword":1,"minecraft:iron_sword":1,"minecraft:iron_leggings":1,"minecraft:dark_oak_planks":32,"minecraft:stone_axe":1},"minecraft:killed":{"minecraft:skeleton":4,"undead_revamp2:the_moonflower":1,"luminousworld:dark_oak_zombie":1},"minecraft:killed_by":{"minecraft:skeleton":2,"minecraft:witch":3}},"DataVersion":3465}