{"stats":{"minecraft:used":{"minecraft:wooden_axe":16,"minecraft:crafting_table":1,"minecraft:egg":2},"minecraft:picked_up":{"minecraft:stick":6,"minecraft:crafting_table":1,"minecraft:leather":1,"minecraft:acacia_log":8,"minecraft:beef":2,"minecraft:acacia_sapling":1,"minecraft:egg":2},"minecraft:killed":{"minecraft:cow":1},"minecraft:custom":{"minecraft:time_since_rest":1167,"minecraft:sprint_one_cm":20999,"minecraft:play_time":12890,"minecraft:deaths":1,"minecraft:damage_taken":260,"minecraft:walk_one_cm":15792,"minecraft:mob_kills":1,"minecraft:jump":246,"minecraft:damage_dealt":244,"minecraft:leave_game":1,"minecraft:time_since_death":1140,"minecraft:total_world_time":12890,"minecraft:interact_with_crafting_table":2,"minecraft:fall_one_cm":9705,"minecraft:fly_one_cm":51260},"minecraft:mined":{"minecraft:short_grass":3,"minecraft:acacia_log":8,"minecraft:acacia_leaves":1,"minecraft:dead_bush":6},"minecraft:killed_by":{"minecraft:zombie":1},"minecraft:crafted":{"minecraft:acacia_planks":32,"minecraft:crafting_table":2,"minecraft:wooden_pickaxe":1,"minecraft:wooden_axe":1}},"DataVersion":3953}