{"stats":{"minecraft:picked_up":{"minecraft:pink_petals":2,"minecraft:crafting_table":1,"minecraft:gold_block":1,"minecraft:oak_log":4,"minecraft:iron_axe":1,"minecraft:spruce_planks":4,"minecraft:iron_ingot":5,"minecraft:rose_bush":3,"minecraft:book":61,"minecraft:dark_oak_sapling":1,"tombstone:grave_dust":3,"minecraft:mossy_cobblestone":1,"minecraft:dark_oak_log":8,"minecraft:arrow":4,"minecraft:rotten_flesh":6,"tombstone:essence_of_undeath":1,"minecraft:emerald":1,"tombstone:magic_scroll":1,"minecraft:bricks":2,"minecraft:cobblestone":18},"minecraft:used":{"minecraft:shield":15,"minecraft:wooden_pickaxe":21,"minecraft:iron_sword":153,"minecraft:golden_apple":1,"minecraft:crafting_table":3,"minecraft:dark_oak_planks":11,"minecraft:iron_axe":31,"minecraft:bread":36,"minecraft:iron_pickaxe":21,"minecraft:stone_axe":1,"minecraft:cobblestone":10,"tombstone:gift":3,"alexsmobs:animal_dictionary":7},"minecraft:mined":{"minecraft:spruce_planks":5,"minecraft:mossy_cobblestone":3,"minecraft:dark_oak_leaves":3,"luminousworld:grassvariant_4":1,"minecraft:dark_oak_log":8,"minecraft:orange_wool":1,"minecraft:polished_granite":1,"minecraft:crafting_table":1,"minecraft:dark_oak_fence":1,"minecraft:rose_bush":3,"luminousworld:grassvariant_2":3,"minecraft:tall_grass":1,"minecraft:spawner":6,"minecraft:pink_petals":1,"minecraft:red_terracotta":9,"minecraft:birch_leaves":1,"minecraft:gold_block":1,"minecraft:grass":3,"minecraft:bookshelf":20,"minecraft:oak_log":4,"illagerinvasion:magic_fire":3,"luminousworld:grassvariant_3":2,"minecraft:stone":18},"minecraft:dropped":{"minecraft:stone_sword":1,"minecraft:dark_oak_sapling":1,"minecraft:rotten_flesh":1,"minecraft:rose_bush":3,"tombstone:grave_dust":1},"minecraft:custom":{"minecraft:mob_kills":30,"tombstone:raider_killed":2,"minecraft:interact_with_crafting_table":8,"minecraft:open_barrel":24,"minecraft:leave_game":2,"minecraft:time_since_death":40184,"minecraft:climb_one_cm":22841,"minecraft:time_since_rest":38167,"minecraft:damage_absorbed":40,"minecraft:sprint_one_cm":226383,"minecraft:damage_taken":3045,"minecraft:walk_one_cm":136413,"minecraft:damage_blocked_by_shield":430,"minecraft:drop":5,"minecraft:damage_dealt":7357,"minecraft:swim_one_cm":8578,"minecraft:fly_one_cm":508613,"minecraft:open_chest":9,"minecraft:crouch_one_cm":4028,"minecraft:play_time":63009,"tombstone:undead_killed":22,"minecraft:deaths":5,"minecraft:sneak_time":1139,"minecraft:walk_under_water_one_cm":864,"minecraft:jump":2484,"minecraft:walk_on_water_one_cm":11915,"minecraft:total_world_time":63009,"minecraft:fall_one_cm":61121},"minecraft:crafted":{"minecraft:oak_planks":16,"minecraft:crafting_table":2,"minecraft:wooden_pickaxe":1,"minecraft:iron_helmet":1,"minecraft:iron_sword":1,"minecraft:stone_axe":1,"minecraft:oak_boat":1,"minecraft:iron_boots":1,"minecraft:iron_chestplate":1,"minecraft:shield":1,"minecraft:iron_axe":1,"minecraft:stick":16,"minecraft:iron_pickaxe":1,"minecraft:stone_pickaxe":1,"minecraft:stone_sword":1,"minecraft:iron_leggings":1,"minecraft:dark_oak_planks":32},"minecraft:killed":{"undead_revamp2:the_moonflower":4,"minecraft:spider":3,"minecraft:vindicator":2,"enemyexpansion:direwolf":1,"born_in_chaos_v1:maggot":1,"minecraft:skeleton":4,"enemyexpansion:meature":1,"minecraft:zombie":5,"iceandfire:ghost":1,"luminousworld:dark_oak_skeleton":1,"minecraft:stray":2,"minecraft:drowned":1,"luminousworld:dark_oak_zombie":3},"minecraft:killed_by":{"minecraft:skeleton":2,"minecraft:witch":3}},"DataVersion":3465}