{"stats":{"minecraft:picked_up":{"minecraft:book":60,"minecraft:crafting_table":1,"tombstone:grave_dust":2,"minecraft:dark_oak_log":8,"minecraft:arrow":2,"minecraft:rotten_flesh":1,"minecraft:rose_bush":3,"minecraft:cobblestone":18},"minecraft:used":{"minecraft:iron_axe":20,"minecraft:bread":2,"minecraft:iron_pickaxe":3,"minecraft:shield":5,"minecraft:wooden_pickaxe":21,"minecraft:iron_sword":16,"minecraft:stone_axe":1,"minecraft:crafting_table":2,"tombstone:gift":2,"alexsmobs:animal_dictionary":5},"minecraft:mined":{"minecraft:dark_oak_leaves":1,"minecraft:dark_oak_log":8,"minecraft:crafting_table":1,"minecraft:grass":1,"minecraft:bookshelf":20,"minecraft:rose_bush":3,"luminousworld:grassvariant_2":1,"luminousworld:grassvariant_3":1,"minecraft:stone":18,"minecraft:spawner":3},"minecraft:custom":{"minecraft:time_since_rest":1,"minecraft:sprint_one_cm":39770,"minecraft:damage_taken":1182,"minecraft:walk_one_cm":36021,"minecraft:damage_blocked_by_shield":150,"minecraft:mob_kills":3,"minecraft:damage_dealt":905,"minecraft:fly_one_cm":55117,"minecraft:interact_with_crafting_table":6,"minecraft:open_barrel":10,"minecraft:open_chest":1,"minecraft:play_time":15338,"tombstone:undead_killed":3,"minecraft:deaths":4,"minecraft:jump":316,"minecraft:time_since_death":960,"minecraft:leave_game":1,"minecraft:walk_on_water_one_cm":4423,"minecraft:total_world_time":15338,"minecraft:climb_one_cm":9108,"minecraft:fall_one_cm":2804},"minecraft:crafted":{"minecraft:iron_boots":1,"minecraft:iron_chestplate":1,"minecraft:shield":1,"minecraft:iron_axe":1,"minecraft:crafting_table":1,"minecraft:stick":16,"minecraft:wooden_pickaxe":1,"minecraft:iron_helmet":1,"minecraft:iron_pickaxe":1,"minecraft:stone_pickaxe":1,"minecraft:stone_sword":1,"minecraft:iron_sword":1,"minecraft:iron_leggings":1,"minecraft:dark_oak_planks":32,"minecraft:stone_axe":1},"minecraft:killed":{"minecraft:skeleton":2,"undead_revamp2:the_moonflower":1},"minecraft:killed_by":{"minecraft:skeleton":1,"minecraft:witch":3}},"DataVersion":3465}