{"stats":{"minecraft:used":{"minecraft:wooden_axe":18,"minecraft:stone_sword":22,"minecraft:stone_pickaxe":9,"minecraft:wooden_pickaxe":18,"minecraft:stone_axe":2,"minecraft:crafting_table":4,"minecraft:egg":2,"minecraft:acacia_planks":16},"minecraft:picked_up":{"minecraft:wooden_axe":1,"minecraft:stick":18,"minecraft:crafting_table":5,"minecraft:chicken":4,"minecraft:feather":4,"minecraft:leather":2,"minecraft:acacia_log":8,"minecraft:wooden_pickaxe":1,"minecraft:porkchop":1,"minecraft:acacia_planks":18,"minecraft:wheat_seeds":5,"minecraft:beef":4,"minecraft:melon_seeds":1,"minecraft:sugar_cane":6,"minecraft:acacia_sapling":2,"minecraft:coal":14,"minecraft:cobblestone":13,"minecraft:egg":3},"minecraft:dropped":{"minecraft:wooden_axe":1,"minecraft:wooden_pickaxe":1},"minecraft:killed":{"minecraft:pillager":1,"minecraft:pig":1,"minecraft:chicken":4,"minecraft:cow":1},"minecraft:custom":{"minecraft:time_since_rest":697,"minecraft:sprint_one_cm":64408,"minecraft:damage_taken":940,"minecraft:walk_one_cm":59069,"minecraft:mob_kills":7,"minecraft:drop":2,"minecraft:damage_dealt":938,"minecraft:swim_one_cm":618,"minecraft:interact_with_crafting_table":6,"minecraft:fly_one_cm":166407,"minecraft:open_chest":2,"minecraft:crouch_one_cm":577,"minecraft:play_time":29742,"minecraft:deaths":4,"minecraft:sneak_time":149,"minecraft:walk_under_water_one_cm":833,"minecraft:jump":813,"minecraft:leave_game":2,"minecraft:time_since_death":661,"minecraft:walk_on_water_one_cm":3596,"minecraft:total_world_time":29742,"minecraft:fall_one_cm":33950},"minecraft:mined":{"minecraft:acacia_leaves":1,"minecraft:crafting_table":2,"minecraft:short_grass":21,"minecraft:acacia_log":8,"minecraft:coal_ore":14,"minecraft:dead_bush":26,"minecraft:stone":13,"minecraft:sugar_cane":4},"minecraft:killed_by":{"minecraft:zombie":1,"minecraft:pillager":1},"minecraft:crafted":{"minecraft:crafting_table":2,"minecraft:wooden_pickaxe":1,"minecraft:stone_pickaxe":1,"minecraft:wooden_axe":1,"minecraft:stone_sword":1,"minecraft:acacia_planks":32,"minecraft:stone_axe":1}},"DataVersion":3953}